Animal,DOB,Date,Sex,BW,Genotype,pain,trial,data,Housing
LVM1,DOB: 11.1.18,11.7.19,M,28.7,C57BL/6,no,1,-5.98,normal
LVM1,DOB: 11.1.18,11.7.19,M,28.7,C57BL/6,no,1,-7.98,normal
LVM1,DOB: 11.1.18,11.7.19,M,28.7,C57BL/6,no,1,-8.79,normal
LVM1,DOB: 11.1.18,11.7.19,M,28.7,C57BL/6,no,1,-14.68,normal
LVM1,DOB: 11.1.18,11.7.19,M,28.7,C57BL/6,no,1,-26.41,normal
LVM1,DOB: 11.1.18,11.7.19,M,28.7,C57BL/6,no,1,-34.20,normal
LVM1,DOB: 11.1.18,11.7.19,M,28.7,C57BL/6,no,1,-37.20,normal
LVM1,DOB: 11.1.18,11.7.19,M,28.7,C57BL/6,no,1,-33.21,normal
LVM1,DOB: 11.1.18,11.7.19,M,28.7,C57BL/6,no,1,-7.26,normal
LVM1,DOB: 11.1.18,11.7.19,M,28.7,C57BL/6,no,1,1.44,normal
LVM1,DOB: 11.1.18,11.7.19,M,28.7,C57BL/6,no,1,0.56,normal
LVM1,DOB: 11.1.18,11.7.19,M,28.7,C57BL/6,no,1,0.03,normal
LVM1,DOB: 11.1.18,11.7.19,M,28.7,C57BL/6,no,1,-0.07,normal
LVM1,DOB: 11.1.18,11.7.19,M,28.7,C57BL/6,no,1,-0.19,normal
LVM1,DOB: 11.1.18,11.7.19,M,28.7,C57BL/6,no,1,-0.44,normal
LVM1,DOB: 11.1.18,11.7.19,M,28.7,C57BL/6,no,2,1.02,normal
LVM1,DOB: 11.1.18,11.7.19,M,28.7,C57BL/6,no,2,-11.13,normal
LVM1,DOB: 11.1.18,11.7.19,M,28.7,C57BL/6,no,2,-13.68,normal
LVM1,DOB: 11.1.18,11.7.19,M,28.7,C57BL/6,no,2,-36.55,normal
LVM1,DOB: 11.1.18,11.7.19,M,28.7,C57BL/6,no,2,-60.12,normal
LVM1,DOB: 11.1.18,11.7.19,M,28.7,C57BL/6,no,2,-63.89,normal
LVM1,DOB: 11.1.18,11.7.19,M,28.7,C57BL/6,no,2,-65.86,normal
LVM1,DOB: 11.1.18,11.7.19,M,28.7,C57BL/6,no,2,-63.07,normal
LVM1,DOB: 11.1.18,11.7.19,M,28.7,C57BL/6,no,2,-85.10,normal
LVM1,DOB: 11.1.18,11.7.19,M,28.7,C57BL/6,no,2,-114.87,normal
LVM1,DOB: 11.1.18,11.7.19,M,28.7,C57BL/6,no,2,-125.17,normal
LVM1,DOB: 11.1.18,11.7.19,M,28.7,C57BL/6,no,2,-125.26,normal
LVM1,DOB: 11.1.18,11.7.19,M,28.7,C57BL/6,no,2,-118.85,normal
LVM1,DOB: 11.1.18,11.7.19,M,28.7,C57BL/6,no,2,-82.70,normal
LVM1,DOB: 11.1.18,11.7.19,M,28.7,C57BL/6,no,2,-26.76,normal
LVM1,DOB: 11.1.18,11.7.19,M,28.7,C57BL/6,no,2,-14.35,normal
LVM1,DOB: 11.1.18,11.7.19,M,28.7,C57BL/6,no,2,-12.89,normal
LVM1,DOB: 11.1.18,11.7.19,M,28.7,C57BL/6,no,2,-12.09,normal
LVM1,DOB: 11.1.18,11.7.19,M,28.7,C57BL/6,no,2,-11.53,normal
LVM1,DOB: 11.1.18,11.7.19,M,28.7,C57BL/6,no,2,-11.10 gram,normal
LVM1,DOB: 11.1.18,11.7.19,M,28.7,C57BL/6,no,3,5.88,normal
LVM1,DOB: 11.1.18,11.7.19,M,28.7,C57BL/6,no,3,5.83,normal
LVM1,DOB: 11.1.18,11.7.19,M,28.7,C57BL/6,no,3,5.74,normal
LVM1,DOB: 11.1.18,11.7.19,M,28.7,C57BL/6,no,3,5.62,normal
LVM1,DOB: 11.1.18,11.7.19,M,28.7,C57BL/6,no,3,4.25,normal
LVM1,DOB: 11.1.18,11.7.19,M,28.7,C57BL/6,no,3,-6.45,normal
LVM1,DOB: 11.1.18,11.7.19,M,28.7,C57BL/6,no,3,-8.47,normal
LVM1,DOB: 11.1.18,11.7.19,M,28.7,C57BL/6,no,3,-9.06,normal
LVM1,DOB: 11.1.18,11.7.19,M,28.7,C57BL/6,no,3,-26.06,normal
LVM1,DOB: 11.1.18,11.7.19,M,28.7,C57BL/6,no,3,-24.77,normal
LVM1,DOB: 11.1.18,11.7.19,M,28.7,C57BL/6,no,3,-17.13,normal
LVM1,DOB: 11.1.18,11.7.19,M,28.7,C57BL/6,no,3,-20.39,normal
LVM1,DOB: 11.1.18,11.7.19,M,28.7,C57BL/6,no,3,-24.42,normal
LVM1,DOB: 11.1.18,11.7.19,M,28.7,C57BL/6,no,3,-33.09,normal
LVM1,DOB: 11.1.18,11.7.19,M,28.7,C57BL/6,no,3,-44.51,normal
LVM1,DOB: 11.1.18,11.7.19,M,28.7,C57BL/6,no,3,-53.05,normal
LVM1,DOB: 11.1.18,11.7.19,M,28.7,C57BL/6,no,3,-60.29,normal
LVM1,DOB: 11.1.18,11.7.19,M,28.7,C57BL/6,no,3,-64.18,normal
LVM1,DOB: 11.1.18,11.7.19,M,28.7,C57BL/6,no,3,-71.15,normal
LVM1,DOB: 11.1.18,11.7.19,M,28.7,C57BL/6,no,3,-52.46,normal
LVM1,DOB: 11.1.18,11.7.19,M,28.7,C57BL/6,no,3,-8.70,normal
LVM1,DOB: 11.1.18,11.7.19,M,28.7,C57BL/6,no,3,-0.77,normal
LVM1,DOB: 11.1.18,11.7.19,M,28.7,C57BL/6,no,3,0.07,normal
LVM1,DOB: 11.1.18,11.7.19,M,28.7,C57BL/6,no,3,0.34,normal
LVM1,DOB: 11.1.18,11.7.19,M,28.7,C57BL/6,no,3,0.57,normal
LVM1,DOB: 11.1.18,11.7.19,M,28.7,C57BL/6,no,4,7.23,normal
LVM1,DOB: 11.1.18,11.7.19,M,28.7,C57BL/6,no,4,7.01,normal
LVM1,DOB: 11.1.18,11.7.19,M,28.7,C57BL/6,no,4,6.81,normal
LVM1,DOB: 11.1.18,11.7.19,M,28.7,C57BL/6,no,4,6.60,normal
LVM1,DOB: 11.1.18,11.7.19,M,28.7,C57BL/6,no,4,5.33,normal
LVM1,DOB: 11.1.18,11.7.19,M,28.7,C57BL/6,no,4,-1.94,normal
LVM1,DOB: 11.1.18,11.7.19,M,28.7,C57BL/6,no,4,-5.02,normal
LVM1,DOB: 11.1.18,11.7.19,M,28.7,C57BL/6,no,4,-13.54,normal
LVM1,DOB: 11.1.18,11.7.19,M,28.7,C57BL/6,no,4,-18.21,normal
LVM1,DOB: 11.1.18,11.7.19,M,28.7,C57BL/6,no,4,-20.82,normal
LVM1,DOB: 11.1.18,11.7.19,M,28.7,C57BL/6,no,4,-21.64,normal
LVM1,DOB: 11.1.18,11.7.19,M,28.7,C57BL/6,no,4,-27.13,normal
LVM1,DOB: 11.1.18,11.7.19,M,28.7,C57BL/6,no,4,-39.34,normal
LVM1,DOB: 11.1.18,11.7.19,M,28.7,C57BL/6,no,4,-41.37,normal
LVM1,DOB: 11.1.18,11.7.19,M,28.7,C57BL/6,no,4,-44.53,normal
LVM1,DOB: 11.1.18,11.7.19,M,28.7,C57BL/6,no,4,-45.87,normal
LVM1,DOB: 11.1.18,11.7.19,M,28.7,C57BL/6,no,4,-43.42,normal
LVM1,DOB: 11.1.18,11.7.19,M,28.7,C57BL/6,no,4,-43.56,normal
LVM1,DOB: 11.1.18,11.7.19,M,28.7,C57BL/6,no,4,-26.04,normal
LVM1,DOB: 11.1.18,11.7.19,M,28.7,C57BL/6,no,4,2.51,normal
LVM1,DOB: 11.1.18,11.7.19,M,28.7,C57BL/6,no,4,6.25,normal
LVM1,DOB: 11.1.18,11.7.19,M,28.7,C57BL/6,no,5,7.03,normal
LVM1,DOB: 11.1.18,11.7.19,M,28.7,C57BL/6,no,5,6.79,normal
LVM1,DOB: 11.1.18,11.7.19,M,28.7,C57BL/6,no,5,6.52,normal
LVM1,DOB: 11.1.18,11.7.19,M,28.7,C57BL/6,no,5,6.26,normal
LVM1,DOB: 11.1.18,11.7.19,M,28.7,C57BL/6,no,5,6.01,normal
LVM1,DOB: 11.1.18,11.7.19,M,28.7,C57BL/6,no,5,4.41,normal
LVM1,DOB: 11.1.18,11.7.19,M,28.7,C57BL/6,no,5,-6.36,normal
LVM1,DOB: 11.1.18,11.7.19,M,28.7,C57BL/6,no,5,-32.82,normal
LVM1,DOB: 11.1.18,11.7.19,M,28.7,C57BL/6,no,5,-47.52,normal
LVM1,DOB: 11.1.18,11.7.19,M,28.7,C57BL/6,no,5,-47.87,normal
LVM1,DOB: 11.1.18,11.7.19,M,28.7,C57BL/6,no,5,-47.04,normal
LVM1,DOB: 11.1.18,11.7.19,M,28.7,C57BL/6,no,5,-44.70,normal
LVM1,DOB: 11.1.18,11.7.19,M,28.7,C57BL/6,no,5,-34.97,normal
LVM1,DOB: 11.1.18,11.7.19,M,28.7,C57BL/6,no,5,-18.14,normal
LVM1,DOB: 11.1.18,11.7.19,M,28.7,C57BL/6,no,5,-8.40,normal
LVM1,DOB: 11.1.18,11.7.19,M,28.7,C57BL/6,no,5,4.81,normal
LVM1,DOB: 11.1.18,11.7.19,M,28.7,C57BL/6,no,6,4.64,normal
LVM1,DOB: 11.1.18,11.7.19,M,28.7,C57BL/6,no,6,4.44,normal
LVM1,DOB: 11.1.18,11.7.19,M,28.7,C57BL/6,no,6,4.23,normal
LVM1,DOB: 11.1.18,11.7.19,M,28.7,C57BL/6,no,6,1.89,normal
LVM1,DOB: 11.1.18,11.7.19,M,28.7,C57BL/6,no,6,-3.85,normal
LVM1,DOB: 11.1.18,11.7.19,M,28.7,C57BL/6,no,6,-17.40,normal
LVM1,DOB: 11.1.18,11.7.19,M,28.7,C57BL/6,no,6,-32.99,normal
LVM1,DOB: 11.1.18,11.7.19,M,28.7,C57BL/6,no,6,-39.03,normalT3
LVM1,DOB: 11.1.18,11.7.19,M,28.7,C57BL/6,no,6,-47.80,normal
LVM1,DOB: 11.1.18,11.7.19,M,28.7,C57BL/6,no,6,-59.00,normal
LVM1,DOB: 11.1.18,11.7.19,M,28.7,C57BL/6,no,6,-65.39,normal
LVM1,DOB: 11.1.18,11.7.19,M,28.7,C57BL/6,no,6,-52.96,normal
LVM1,DOB: 11.1.18,11.7.19,M,28.7,C57BL/6,no,6,-13.75,normal
LVM1,DOB: 11.1.18,11.7.19,M,28.7,C57BL/6,no,6,8.12,normal
LVM1,DOB: 11.1.18,11.7.19,M,28.7,C57BL/6,no,6,8.66 gr,normal
LVM1,DOB: 11.1.18,11.7.19,M,28.7,C57BL/6,no,7,3.29,normal
LVM1,DOB: 11.1.18,11.7.19,M,28.7,C57BL/6,no,7,3.00,normal
LVM1,DOB: 11.1.18,11.7.19,M,28.7,C57BL/6,no,7,2.73,normal
LVM1,DOB: 11.1.18,11.7.19,M,28.7,C57BL/6,no,7,2.66,normal
LVM1,DOB: 11.1.18,11.7.19,M,28.7,C57BL/6,no,7,2.37,normal
LVM1,DOB: 11.1.18,11.7.19,M,28.7,C57BL/6,no,7,-2.68,normal
LVM1,DOB: 11.1.18,11.7.19,M,28.7,C57BL/6,no,7,-9.89,normal
LVM1,DOB: 11.1.18,11.7.19,M,28.7,C57BL/6,no,7,-16.87,normal
LVM1,DOB: 11.1.18,11.7.19,M,28.7,C57BL/6,no,7,-19.83,normal
LVM1,DOB: 11.1.18,11.7.19,M,28.7,C57BL/6,no,7,-24.53,normal
LVM1,DOB: 11.1.18,11.7.19,M,28.7,C57BL/6,no,7,-34.96,normal
LVM1,DOB: 11.1.18,11.7.19,M,28.7,C57BL/6,no,7,-51.01,normal
LVM1,DOB: 11.1.18,11.7.19,M,28.7,C57BL/6,no,7,-68.59,normal
LVM1,DOB: 11.1.18,11.7.19,M,28.7,C57BL/6,no,7,-80.91,normal
LVM1,DOB: 11.1.18,11.7.19,M,28.7,C57BL/6,no,7,-85.32,normal
LVM1,DOB: 11.1.18,11.7.19,M,28.7,C57BL/6,no,7,-83.00,normal
LVM1,DOB: 11.1.18,11.7.19,M,28.7,C57BL/6,no,7,-31.21,normal
LVM1,DOB: 11.1.18,11.7.19,M,28.7,C57BL/6,no,7,4.01,normal
LVM1,DOB: 11.1.18,11.7.19,M,28.7,C57BL/6,no,7,6.02,normal
LVM1,DOB: 11.1.18,11.7.19,M,28.7,C57BL/6,no,7,5.58,normal
LVM1,DOB: 11.1.18,11.7.19,M,28.7,C57BL/6,no,8,-10.79,normal
LVM1,DOB: 11.1.18,11.7.19,M,28.7,C57BL/6,no,8,-10.79,normal
LVM1,DOB: 11.1.18,11.7.19,M,28.7,C57BL/6,no,8,-10.80,normal
LVM1,DOB: 11.1.18,11.7.19,M,28.7,C57BL/6,no,8,-10.76,normal
LVM1,DOB: 11.1.18,11.7.19,M,28.7,C57BL/6,no,8,-9.52,normal
LVM1,DOB: 11.1.18,11.7.19,M,28.7,C57BL/6,no,8,-8.78,normal
LVM1,DOB: 11.1.18,11.7.19,M,28.7,C57BL/6,no,8,-11.53,normal
LVM1,DOB: 11.1.18,11.7.19,M,28.7,C57BL/6,no,8,-19.04,normal
LVM1,DOB: 11.1.18,11.7.19,M,28.7,C57BL/6,no,8,-33.89,normal
LVM1,DOB: 11.1.18,11.7.19,M,28.7,C57BL/6,no,8,-46.27,normal
LVM1,DOB: 11.1.18,11.7.19,M,28.7,C57BL/6,no,8,-48.73,normal
LVM1,DOB: 11.1.18,11.7.19,M,28.7,C57BL/6,no,8,-61.67,normal
LVM1,DOB: 11.1.18,11.7.19,M,28.7,C57BL/6,no,8,-82.00,normal
LVM1,DOB: 11.1.18,11.7.19,M,28.7,C57BL/6,no,8,-98.22,normal
LVM1,DOB: 11.1.18,11.7.19,M,28.7,C57BL/6,no,8,-99.96,normal
LVM1,DOB: 11.1.18,11.7.19,M,28.7,C57BL/6,no,8,-82.91,normal
LVM1,DOB: 11.1.18,11.7.19,M,28.7,C57BL/6,no,8,-30.12,normal
LVM1,DOB: 11.1.18,11.7.19,M,28.7,C57BL/6,no,8,-9.60,normal
LVM1,DOB: 11.1.18,11.7.19,M,28.7,C57BL/6,no,8,-6.81,normal
LVM1,DOB: 11.1.18,11.7.19,M,28.7,C57BL/6,no,9,-0.33,normal
LVM1,DOB: 11.1.18,11.7.19,M,28.7,C57BL/6,no,9,-0.33,normal
LVM1,DOB: 11.1.18,11.7.19,M,28.7,C57BL/6,no,9,-0.76,normal
LVM1,DOB: 11.1.18,11.7.19,M,28.7,C57BL/6,no,9,-11.42,normal
LVM1,DOB: 11.1.18,11.7.19,M,28.7,C57BL/6,no,9,-21.77,normal
LVM1,DOB: 11.1.18,11.7.19,M,28.7,C57BL/6,no,9,-28.73,normal
LVM1,DOB: 11.1.18,11.7.19,M,28.7,C57BL/6,no,9,-38.69,normal
LVM1,DOB: 11.1.18,11.7.19,M,28.7,C57BL/6,no,9,-39.33,normal
LVM1,DOB: 11.1.18,11.7.19,M,28.7,C57BL/6,no,9,-44.56,normal
LVM1,DOB: 11.1.18,11.7.19,M,28.7,C57BL/6,no,9,-58.04,normal
LVM1,DOB: 11.1.18,11.7.19,M,28.7,C57BL/6,no,9,-79.43,normal
LVM1,DOB: 11.1.18,11.7.19,M,28.7,C57BL/6,no,9,-90.13,normal
LVM1,DOB: 11.1.18,11.7.19,M,28.7,C57BL/6,no,9,-88.17,normal
LVM1,DOB: 11.1.18,11.7.19,M,28.7,C57BL/6,no,9,-60.77,normal
LVM1,DOB: 11.1.18,11.7.19,M,28.7,C57BL/6,no,9,-42.64,normal
LVM1,DOB: 11.1.18,11.7.19,M,28.7,C57BL/6,no,9,-37.32,normal
LVM1,DOB: 11.1.18,11.7.19,M,28.7,C57BL/6,no,9,-7.55,normal
LVM1,DOB: 11.1.18,11.7.19,M,28.7,C57BL/6,no,9,-0.32,normal
LVM1,DOB: 11.1.18,11.7.19,M,28.7,C57BL/6,no,9,-0.24,normal
LVM2,DOB 12.4.18,11.7.19,M,31.8,C57BL/6,no,1,2.33,normal
LVM2,DOB 12.4.18,11.7.19,M,31.8,C57BL/6,no,1,2.26,normal
LVM2,DOB 12.4.18,11.7.19,M,31.8,C57BL/6,no,1,2.19,normal
LVM2,DOB 12.4.18,11.7.19,M,31.8,C57BL/6,no,1,2.09,normal
LVM2,DOB 12.4.18,11.7.19,M,31.8,C57BL/6,no,1,2.01,normal
LVM2,DOB 12.4.18,11.7.19,M,31.8,C57BL/6,no,1,1.91,normal
LVM2,DOB 12.4.18,11.7.19,M,31.8,C57BL/6,no,1,1.82,normal
LVM2,DOB 12.4.18,11.7.19,M,31.8,C57BL/6,no,1,1.73,normal
LVM2,DOB 12.4.18,11.7.19,M,31.8,C57BL/6,no,1,0.61,normal
LVM2,DOB 12.4.18,11.7.19,M,31.8,C57BL/6,no,1,-5.17,normal
LVM2,DOB 12.4.18,11.7.19,M,31.8,C57BL/6,no,1,-19.33,normal
LVM2,DOB 12.4.18,11.7.19,M,31.8,C57BL/6,no,1,-38.63,normal
LVM2,DOB 12.4.18,11.7.19,M,31.8,C57BL/6,no,1,-39.58,normal
LVM2,DOB 12.4.18,11.7.19,M,31.8,C57BL/6,no,1,-31.52,normal
LVM2,DOB 12.4.18,11.7.19,M,31.8,C57BL/6,no,1,-21.42,normal
LVM2,DOB 12.4.18,11.7.19,M,31.8,C57BL/6,no,1,-14.03,normal
LVM2,DOB 12.4.18,11.7.19,M,31.8,C57BL/6,no,1,-10.06,normal
LVM2,DOB 12.4.18,11.7.19,M,31.8,C57BL/6,no,1,-13.54,normal
LVM2,DOB 12.4.18,11.7.19,M,31.8,C57BL/6,no,1,-33.75,normal
LVM2,DOB 12.4.18,11.7.19,M,31.8,C57BL/6,no,1,-41.75,normal
LVM2,DOB 12.4.18,11.7.19,M,31.8,C57BL/6,no,1,-4.12,normal
LVM2,DOB 12.4.18,11.7.19,M,31.8,C57BL/6,no,1,4.66,normal
LVM2,DOB 12.4.18,11.7.19,M,31.8,C57BL/6,no,1,3.90,normal
LVM2,DOB 12.4.18,11.7.19,M,31.8,C57BL/6,no,2,-0.67,normal
LVM2,DOB 12.4.18,11.7.19,M,31.8,C57BL/6,no,2,1.16,normal
LVM2,DOB 12.4.18,11.7.19,M,31.8,C57BL/6,no,2,2.06,normal
LVM2,DOB 12.4.18,11.7.19,M,31.8,C57BL/6,no,2,2.10,normal
LVM2,DOB 12.4.18,11.7.19,M,31.8,C57BL/6,no,2,1.83,normal
LVM2,DOB 12.4.18,11.7.19,M,31.8,C57BL/6,no,2,1.45,normal
LVM2,DOB 12.4.18,11.7.19,M,31.8,C57BL/6,no,2,0.75,normal
LVM2,DOB 12.4.18,11.7.19,M,31.8,C57BL/6,no,2,-0.72,normal
LVM2,DOB 12.4.18,11.7.19,M,31.8,C57BL/6,no,2,-5.19,normal
LVM2,DOB 12.4.18,11.7.19,M,31.8,C57BL/6,no,2,-17.06,normal
LVM2,DOB 12.4.18,11.7.19,M,31.8,C57BL/6,no,2,-42.43,normal
LVM2,DOB 12.4.18,11.7.19,M,31.8,C57BL/6,no,2,-73.04,normal
LVM2,DOB 12.4.18,11.7.19,M,31.8,C57BL/6,no,2,-48.48,normal
LVM2,DOB 12.4.18,11.7.19,M,31.8,C57BL/6,no,2,0.31,normal
LVM2,DOB 12.4.18,11.7.19,M,31.8,C57BL/6,no,2,5.03,normal
LVM2,DOB 12.4.18,11.7.19,M,31.8,C57BL/6,no,2,4.37,normal
LVM2,DOB 12.4.18,11.7.19,M,31.8,C57BL/6,no,2,3.67,normal
LVM2,DOB 12.4.18,11.7.19,M,31.8,C57BL/6,no,2,3.17,normal
LVM2,DOB 12.4.18,11.7.19,M,31.8,C57BL/6,no,3,3.64,normal
LVM2,DOB 12.4.18,11.7.19,M,31.8,C57BL/6,no,3,3.48,normal
LVM2,DOB 12.4.18,11.7.19,M,31.8,C57BL/6,no,3,3.31,normal
LVM2,DOB 12.4.18,11.7.19,M,31.8,C57BL/6,no,3,3.22,normal
LVM2,DOB 12.4.18,11.7.19,M,31.8,C57BL/6,no,3,3.22,normal
LVM2,DOB 12.4.18,11.7.19,M,31.8,C57BL/6,no,3,4.87,normal
LVM2,DOB 12.4.18,11.7.19,M,31.8,C57BL/6,no,3,3.44,normal
LVM2,DOB 12.4.18,11.7.19,M,31.8,C57BL/6,no,3,-6.13,normal
LVM2,DOB 12.4.18,11.7.19,M,31.8,C57BL/6,no,3,-12.43,normal
LVM2,DOB 12.4.18,11.7.19,M,31.8,C57BL/6,no,3,-21.04,normal
LVM2,DOB 12.4.18,11.7.19,M,31.8,C57BL/6,no,3,-27.03,normal
LVM2,DOB 12.4.18,11.7.19,M,31.8,C57BL/6,no,3,-31.37,normal
LVM2,DOB 12.4.18,11.7.19,M,31.8,C57BL/6,no,3,-36.02,normal
LVM2,DOB 12.4.18,11.7.19,M,31.8,C57BL/6,no,3,-43.27,normal
LVM2,DOB 12.4.18,11.7.19,M,31.8,C57BL/6,no,3,-51.00,normal
LVM2,DOB 12.4.18,11.7.19,M,31.8,C57BL/6,no,3,-49.81,normal
LVM2,DOB 12.4.18,11.7.19,M,31.8,C57BL/6,no,3,-10.70,normal
LVM2,DOB 12.4.18,11.7.19,M,31.8,C57BL/6,no,3,6.20,normal
LVM2,DOB 12.4.18,11.7.19,M,31.8,C57BL/6,no,4,-1.13,normal
LVM2,DOB 12.4.18,11.7.19,M,31.8,C57BL/6,no,4,-1.19,normal
LVM2,DOB 12.4.18,11.7.19,M,31.8,C57BL/6,no,4,-1.26,normal
LVM2,DOB 12.4.18,11.7.19,M,31.8,C57BL/6,no,4,-1.33,normal
LVM2,DOB 12.4.18,11.7.19,M,31.8,C57BL/6,no,4,-1.68,normal
LVM2,DOB 12.4.18,11.7.19,M,31.8,C57BL/6,no,4,-7.80,normal
LVM2,DOB 12.4.18,11.7.19,M,31.8,C57BL/6,no,4,-18.84,normal
LVM2,DOB 12.4.18,11.7.19,M,31.8,C57BL/6,no,4,-34.68,normal
LVM2,DOB 12.4.18,11.7.19,M,31.8,C57BL/6,no,4,-58.74,normal
LVM2,DOB 12.4.18,11.7.19,M,31.8,C57BL/6,no,4,-76.27,normal
LVM2,DOB 12.4.18,11.7.19,M,31.8,C57BL/6,no,4,-86.53,normal
LVM2,DOB 12.4.18,11.7.19,M,31.8,C57BL/6,no,4,-103.22,normal
LVM2,DOB 12.4.18,11.7.19,M,31.8,C57BL/6,no,4,-68.95,normal
LVM2,DOB 12.4.18,11.7.19,M,31.8,C57BL/6,no,4,-5.08,normal
LVM2,DOB 12.4.18,11.7.19,M,31.8,C57BL/6,no,4,2.51,normal
LVM2,DOB 12.4.18,11.7.19,M,31.8,C57BL/6,no,4,1.58,normal
LVM2,DOB 12.4.18,11.7.19,M,31.8,C57BL/6,no,4,0.88 gram,normal
LVM2,DOB 12.4.18,11.7.19,M,31.8,C57BL/6,no,5,3.81,normal
LVM2,DOB 12.4.18,11.7.19,M,31.8,C57BL/6,no,5,3.61,normal
LVM2,DOB 12.4.18,11.7.19,M,31.8,C57BL/6,no,5,3.48,normal
LVM2,DOB 12.4.18,11.7.19,M,31.8,C57BL/6,no,5,3.35,normal
LVM2,DOB 12.4.18,11.7.19,M,31.8,C57BL/6,no,5,3.18,normal
LVM2,DOB 12.4.18,11.7.19,M,31.8,C57BL/6,no,5,3.11,normal
LVM2,DOB 12.4.18,11.7.19,M,31.8,C57BL/6,no,5,2.40,normal
LVM2,DOB 12.4.18,11.7.19,M,31.8,C57BL/6,no,5,-6.85,normal
LVM2,DOB 12.4.18,11.7.19,M,31.8,C57BL/6,no,5,-23.37,normal
LVM2,DOB 12.4.18,11.7.19,M,31.8,C57BL/6,no,5,-47.24,normal
LVM2,DOB 12.4.18,11.7.19,M,31.8,C57BL/6,no,5,-72.93,normal
LVM2,DOB 12.4.18,11.7.19,M,31.8,C57BL/6,no,5,-101.47,normal
LVM2,DOB 12.4.18,11.7.19,M,31.8,C57BL/6,no,5,-119.93,normal
LVM2,DOB 12.4.18,11.7.19,M,31.8,C57BL/6,no,5,-117.80,normal
LVM2,DOB 12.4.18,11.7.19,M,31.8,C57BL/6,no,5,-123.81,normal
LVM2,DOB 12.4.18,11.7.19,M,31.8,C57BL/6,no,5,-102.39,normal
LVM2,DOB 12.4.18,11.7.19,M,31.8,C57BL/6,no,5,-24.51,normal
LVM2,DOB 12.4.18,11.7.19,M,31.8,C57BL/6,no,5,-2.60,normal
LVM2,DOB 12.4.18,11.7.19,M,31.8,C57BL/6,no,5,-1.75,normal
LVM2,DOB 12.4.18,11.7.19,M,31.8,C57BL/6,no,5,-1.35,normal
LVM2,DOB 12.4.18,11.7.19,M,31.8,C57BL/6,no,6,-2.34,normal
LVM2,DOB 12.4.18,11.7.19,M,31.8,C57BL/6,no,6,-2.46,normal
LVM2,DOB 12.4.18,11.7.19,M,31.8,C57BL/6,no,6,-2.50,normal
LVM2,DOB 12.4.18,11.7.19,M,31.8,C57BL/6,no,6,-2.57,normal
LVM2,DOB 12.4.18,11.7.19,M,31.8,C57BL/6,no,6,-2.89,normal
LVM2,DOB 12.4.18,11.7.19,M,31.8,C57BL/6,no,6,-3.09,normal
LVM2,DOB 12.4.18,11.7.19,M,31.8,C57BL/6,no,6,-3.20,normal
LVM2,DOB 12.4.18,11.7.19,M,31.8,C57BL/6,no,6,-3.27,normal
LVM2,DOB 12.4.18,11.7.19,M,31.8,C57BL/6,no,6,-4.27,normal
LVM2,DOB 12.4.18,11.7.19,M,31.8,C57BL/6,no,6,-8.95,normal
LVM2,DOB 12.4.18,11.7.19,M,31.8,C57BL/6,no,6,-13.16,normal
LVM2,DOB 12.4.18,11.7.19,M,31.8,C57BL/6,no,6,-36.14,normal
LVM2,DOB 12.4.18,11.7.19,M,31.8,C57BL/6,no,6,-76.01,normal
LVM2,DOB 12.4.18,11.7.19,M,31.8,C57BL/6,no,6,-99.04,normal
LVM2,DOB 12.4.18,11.7.19,M,31.8,C57BL/6,no,6,-99.89,normal
LVM2,DOB 12.4.18,11.7.19,M,31.8,C57BL/6,no,6,-87.34,normal
LVM2,DOB 12.4.18,11.7.19,M,31.8,C57BL/6,no,6,-29.81,normal
LVM2,DOB 12.4.18,11.7.19,M,31.8,C57BL/6,no,6,3.85,normal
LVM2,DOB 12.4.18,11.7.19,M,31.8,C57BL/6,no,6,4.82,normal
LVM2,DOB 12.4.18,11.7.19,M,31.8,C57BL/6,no,6,4.38,normal
LVM2,DOB 12.4.18,11.7.19,M,31.8,C57BL/6,no,6,4.15,normal
LVM2,DOB 12.4.18,11.7.19,M,31.8,C57BL/6,no,7,-3.70,normal
LVM2,DOB 12.4.18,11.7.19,M,31.8,C57BL/6,no,7,-3.73,normal
LVM2,DOB 12.4.18,11.7.19,M,31.8,C57BL/6,no,7,-3.78,normal
LVM2,DOB 12.4.18,11.7.19,M,31.8,C57BL/6,no,7,-4.03,normal
LVM2,DOB 12.4.18,11.7.19,M,31.8,C57BL/6,no,7,-4.44,normal
LVM2,DOB 12.4.18,11.7.19,M,31.8,C57BL/6,no,7,-4.71,normal
LVM2,DOB 12.4.18,11.7.19,M,31.8,C57BL/6,no,7,-6.24,normal
LVM2,DOB 12.4.18,11.7.19,M,31.8,C57BL/6,no,7,-13.14,normal
LVM2,DOB 12.4.18,11.7.19,M,31.8,C57BL/6,no,7,-27.06,normal
LVM2,DOB 12.4.18,11.7.19,M,31.8,C57BL/6,no,7,-40.90,normal
LVM2,DOB 12.4.18,11.7.19,M,31.8,C57BL/6,no,7,-43.24,normal
LVM2,DOB 12.4.18,11.7.19,M,31.8,C57BL/6,no,7,-46.20,normal
LVM2,DOB 12.4.18,11.7.19,M,31.8,C57BL/6,no,7,-59.71,normal
LVM2,DOB 12.4.18,11.7.19,M,31.8,C57BL/6,no,7,-69.02,normal
LVM2,DOB 12.4.18,11.7.19,M,31.8,C57BL/6,no,7,-64.58,normal
LVM2,DOB 12.4.18,11.7.19,M,31.8,C57BL/6,no,7,-29.59,normal
LVM2,DOB 12.4.18,11.7.19,M,31.8,C57BL/6,no,7,-2.71,normal
LVM2,DOB 12.4.18,11.7.19,M,31.8,C57BL/6,no,7,-1.63,normal
LVM2,DOB 12.4.18,11.7.19,M,31.8,C57BL/6,no,7,-2.34,normal
LVM3,DOB 11.1.18,11.7.19,M,34.2,C57BL/6,no,1,ing: 0.85,normal
LVM3,DOB 11.1.18,11.7.19,M,34.2,C57BL/6,no,1,0.67,normal
LVM3,DOB 11.1.18,11.7.19,M,34.2,C57BL/6,no,1,0.55,normal
LVM3,DOB 11.1.18,11.7.19,M,34.2,C57BL/6,no,1,0.42,normal
LVM3,DOB 11.1.18,11.7.19,M,34.2,C57BL/6,no,1,0.32,normal
LVM3,DOB 11.1.18,11.7.19,M,34.2,C57BL/6,no,1,0.25,normal
LVM3,DOB 11.1.18,11.7.19,M,34.2,C57BL/6,no,1,0.11,normal
LVM3,DOB 11.1.18,11.7.19,M,34.2,C57BL/6,no,1,0.03,normal
LVM3,DOB 11.1.18,11.7.19,M,34.2,C57BL/6,no,1,-0.66,normal
LVM3,DOB 11.1.18,11.7.19,M,34.2,C57BL/6,no,1,-5.71,normal
LVM3,DOB 11.1.18,11.7.19,M,34.2,C57BL/6,no,1,-16.95,normal
LVM3,DOB 11.1.18,11.7.19,M,34.2,C57BL/6,no,1,-40.57,normal
LVM3,DOB 11.1.18,11.7.19,M,34.2,C57BL/6,no,1,-64.87,normal
LVM3,DOB 11.1.18,11.7.19,M,34.2,C57BL/6,no,1,-81.88,normal
LVM3,DOB 11.1.18,11.7.19,M,34.2,C57BL/6,no,1,-60.91,normal
LVM3,DOB 11.1.18,11.7.19,M,34.2,C57BL/6,no,1,-27.31,normal
LVM3,DOB 11.1.18,11.7.19,M,34.2,C57BL/6,no,1,-1.96,normal
LVM3,DOB 11.1.18,11.7.19,M,34.2,C57BL/6,no,1,3.21,normal
LVM3,DOB 11.1.18,11.7.19,M,34.2,C57BL/6,no,1,2.67,normal
LVM3,DOB 11.1.18,11.7.19,M,34.2,C57BL/6,no,1,2.25,normal
LVM3,DOB 11.1.18,11.7.19,M,34.2,C57BL/6,no,1,1.97,normal
LVM3,DOB 11.1.18,11.7.19,M,34.2,C57BL/6,no,2,1.25,normal
LVM3,DOB 11.1.18,11.7.19,M,34.2,C57BL/6,no,2,1.09,normal
LVM3,DOB 11.1.18,11.7.19,M,34.2,C57BL/6,no,2,0.89,normal
LVM3,DOB 11.1.18,11.7.19,M,34.2,C57BL/6,no,2,0.74,normal
LVM3,DOB 11.1.18,11.7.19,M,34.2,C57BL/6,no,2,0.59,normal
LVM3,DOB 11.1.18,11.7.19,M,34.2,C57BL/6,no,2,0.10,normal
LVM3,DOB 11.1.18,11.7.19,M,34.2,C57BL/6,no,2,-4.08,normal
LVM3,DOB 11.1.18,11.7.19,M,34.2,C57BL/6,no,2,-13.85,normal
LVM3,DOB 11.1.18,11.7.19,M,34.2,C57BL/6,no,2,-30.06,normal
LVM3,DOB 11.1.18,11.7.19,M,34.2,C57BL/6,no,2,-56.25,normal
LVM3,DOB 11.1.18,11.7.19,M,34.2,C57BL/6,no,2,-83.92,normal
LVM3,DOB 11.1.18,11.7.19,M,34.2,C57BL/6,no,2,-58.52,normal
LVM3,DOB 11.1.18,11.7.19,M,34.2,C57BL/6,no,2,-6.99,normal
LVM3,DOB 11.1.18,11.7.19,M,34.2,C57BL/6,no,2,1.55,normal
LVM3,DOB 11.1.18,11.7.19,M,34.2,C57BL/6,no,2,1.30,normal
LVM3,DOB 11.1.18,11.7.19,M,34.2,C57BL/6,no,2,1.05,normal
LVM3,DOB 11.1.18,11.7.19,M,34.2,C57BL/6,no,3,1.44,normal
LVM3,DOB 11.1.18,11.7.19,M,34.2,C57BL/6,no,3,0.91,normal
LVM3,DOB 11.1.18,11.7.19,M,34.2,C57BL/6,no,3,0.56,normal
LVM3,DOB 11.1.18,11.7.19,M,34.2,C57BL/6,no,3,0.29,normal
LVM3,DOB 11.1.18,11.7.19,M,34.2,C57BL/6,no,3,0.13,normal
LVM3,DOB 11.1.18,11.7.19,M,34.2,C57BL/6,no,3,0.01,normal
LVM3,DOB 11.1.18,11.7.19,M,34.2,C57BL/6,no,3,-0.13,normal
LVM3,DOB 11.1.18,11.7.19,M,34.2,C57BL/6,no,3,-0.23,normal
LVM3,DOB 11.1.18,11.7.19,M,34.2,C57BL/6,no,3,-0.31,normal
LVM3,DOB 11.1.18,11.7.19,M,34.2,C57BL/6,no,3,-0.90,normal
LVM3,DOB 11.1.18,11.7.19,M,34.2,C57BL/6,no,3,-7.72,normal
LVM3,DOB 11.1.18,11.7.19,M,34.2,C57BL/6,no,3,-24.27,normal
LVM3,DOB 11.1.18,11.7.19,M,34.2,C57BL/6,no,3,-38.42,normal
LVM3,DOB 11.1.18,11.7.19,M,34.2,C57BL/6,no,3,-41.63,normal
LVM3,DOB 11.1.18,11.7.19,M,34.2,C57BL/6,no,3,-47.46,normal
LVM3,DOB 11.1.18,11.7.19,M,34.2,C57BL/6,no,3,-39.70,normal
LVM3,DOB 11.1.18,11.7.19,M,34.2,C57BL/6,no,3,-33.25,normal
LVM3,DOB 11.1.18,11.7.19,M,34.2,C57BL/6,no,3,-7.27,normal
LVM3,DOB 11.1.18,11.7.19,M,34.2,C57BL/6,no,3,4.17,normal
LVM3,DOB 11.1.18,11.7.19,M,34.2,C57BL/6,no,3,3.49,normal
LVM3,DOB 11.1.18,11.7.19,M,34.2,C57BL/6,no,3,2.82,normal
LVM3,DOB 11.1.18,11.7.19,M,34.2,C57BL/6,no,3,2.33,normal
LVM3,DOB 11.1.18,11.7.19,M,34.2,C57BL/6,no,4,1.51,normal
LVM3,DOB 11.1.18,11.7.19,M,34.2,C57BL/6,no,4,1.34,normal
LVM3,DOB 11.1.18,11.7.19,M,34.2,C57BL/6,no,4,1.14,normal
LVM3,DOB 11.1.18,11.7.19,M,34.2,C57BL/6,no,4,1.00,normal
LVM3,DOB 11.1.18,11.7.19,M,34.2,C57BL/6,no,4,0.67,normal
LVM3,DOB 11.1.18,11.7.19,M,34.2,C57BL/6,no,4,-3.36,normal
LVM3,DOB 11.1.18,11.7.19,M,34.2,C57BL/6,no,4,-15.28,normal
LVM3,DOB 11.1.18,11.7.19,M,34.2,C57BL/6,no,4,-40.41,normal
LVM3,DOB 11.1.18,11.7.19,M,34.2,C57BL/6,no,4,-58.61,normal
LVM3,DOB 11.1.18,11.7.19,M,34.2,C57BL/6,no,4,-55.67,normal
LVM3,DOB 11.1.18,11.7.19,M,34.2,C57BL/6,no,4,-53.04,normal
LVM3,DOB 11.1.18,11.7.19,M,34.2,C57BL/6,no,4,-62.43,normal
LVM3,DOB 11.1.18,11.7.19,M,34.2,C57BL/6,no,4,-23.76,normal
LVM3,DOB 11.1.18,11.7.19,M,34.2,C57BL/6,no,4,-1.16,normal
LVM3,DOB 11.1.18,11.7.19,M,34.2,C57BL/6,no,4,-0.21,normal
LVM3,DOB 11.1.18,11.7.19,M,34.2,C57BL/6,no,4,-0.16,normal
LVM3,DOB 11.1.18,11.7.19,M,34.2,C57BL/6,no,4,-0.19,normal
LVM3,DOB 11.1.18,11.7.19,M,34.2,C57BL/6,no,4,-0.25 gram,normal
LVM3,DOB 11.1.18,11.7.19,M,34.2,C57BL/6,no,5,2.18,normal
LVM3,DOB 11.1.18,11.7.19,M,34.2,C57BL/6,no,5,1.81,normal
LVM3,DOB 11.1.18,11.7.19,M,34.2,C57BL/6,no,5,1.48,normal
LVM3,DOB 11.1.18,11.7.19,M,34.2,C57BL/6,no,5,1.20,normal
LVM3,DOB 11.1.18,11.7.19,M,34.2,C57BL/6,no,5,0.97,normal
LVM3,DOB 11.1.18,11.7.19,M,34.2,C57BL/6,no,5,0.75,normal
LVM3,DOB 11.1.18,11.7.19,M,34.2,C57BL/6,no,5,0.01,normal
LVM3,DOB 11.1.18,11.7.19,M,34.2,C57BL/6,no,5,-4.29,normal
LVM3,DOB 11.1.18,11.7.19,M,34.2,C57BL/6,no,5,-18.59,normal
LVM3,DOB 11.1.18,11.7.19,M,34.2,C57BL/6,no,5,-44.03,normal
LVM3,DOB 11.1.18,11.7.19,M,34.2,C57BL/6,no,5,-51.79,normal
LVM3,DOB 11.1.18,11.7.19,M,34.2,C57BL/6,no,5,-47.30,normal
LVM3,DOB 11.1.18,11.7.19,M,34.2,C57BL/6,no,5,-35.11,normal
LVM3,DOB 11.1.18,11.7.19,M,34.2,C57BL/6,no,5,-28.68,normal
LVM3,DOB 11.1.18,11.7.19,M,34.2,C57BL/6,no,5,-13.63,normal
LVM3,DOB 11.1.18,11.7.19,M,34.2,C57BL/6,no,5,3.19,normal
LVM3,DOB 11.1.18,11.7.19,M,34.2,C57BL/6,no,5,3.64,normal
LVM3,DOB 11.1.18,11.7.19,M,34.2,C57BL/6,no,5,3.07,normal
LVM3,DOB 11.1.18,11.7.19,M,34.2,C57BL/6,no,6,1.78,normal
LVM3,DOB 11.1.18,11.7.19,M,34.2,C57BL/6,no,6,1.57,normal
LVM3,DOB 11.1.18,11.7.19,M,34.2,C57BL/6,no,6,1.38,normal
LVM3,DOB 11.1.18,11.7.19,M,34.2,C57BL/6,no,6,1.20,normal
LVM3,DOB 11.1.18,11.7.19,M,34.2,C57BL/6,no,6,1.07,normal
LVM3,DOB 11.1.18,11.7.19,M,34.2,C57BL/6,no,6,1.28,normal
LVM3,DOB 11.1.18,11.7.19,M,34.2,C57BL/6,no,6,-0.79,normal
LVM3,DOB 11.1.18,11.7.19,M,34.2,C57BL/6,no,6,-12.16,normal
LVM3,DOB 11.1.18,11.7.19,M,34.2,C57BL/6,no,6,-31.30,normal
LVM3,DOB 11.1.18,11.7.19,M,34.2,C57BL/6,no,6,-55.91,normal
LVM3,DOB 11.1.18,11.7.19,M,34.2,C57BL/6,no,6,-55.32,normal
LVM3,DOB 11.1.18,11.7.19,M,34.2,C57BL/6,no,6,-17.64,normal
LVM3,DOB 11.1.18,11.7.19,M,34.2,C57BL/6,no,6,4.63,normal
LVM3,DOB 11.1.18,11.7.19,M,34.2,C57BL/6,no,6,5.41,normal
LVM3,DOB 11.1.18,11.7.19,M,34.2,C57BL/6,no,6,4.29,normal
LVM3,DOB 11.1.18,11.7.19,M,34.2,C57BL/6,no,6,3.54,normal
LVM3,DOB 11.1.18,11.7.19,M,34.2,C57BL/6,no,7,1.06,normal
LVM3,DOB 11.1.18,11.7.19,M,34.2,C57BL/6,no,7,0.91,normal
LVM3,DOB 11.1.18,11.7.19,M,34.2,C57BL/6,no,7,0.77,normal
LVM3,DOB 11.1.18,11.7.19,M,34.2,C57BL/6,no,7,0.63,normal
LVM3,DOB 11.1.18,11.7.19,M,34.2,C57BL/6,no,7,0.54,normal
LVM3,DOB 11.1.18,11.7.19,M,34.2,C57BL/6,no,7,1.27,normal
LVM3,DOB 11.1.18,11.7.19,M,34.2,C57BL/6,no,7,-1.10,normal
LVM3,DOB 11.1.18,11.7.19,M,34.2,C57BL/6,no,7,-8.34,normal
LVM3,DOB 11.1.18,11.7.19,M,34.2,C57BL/6,no,7,-18.44,normal
LVM3,DOB 11.1.18,11.7.19,M,34.2,C57BL/6,no,7,-23.58,normal
LVM3,DOB 11.1.18,11.7.19,M,34.2,C57BL/6,no,7,-28.11,normal
LVM3,DOB 11.1.18,11.7.19,M,34.2,C57BL/6,no,7,-40.04,normal
LVM3,DOB 11.1.18,11.7.19,M,34.2,C57BL/6,no,7,-40.95,normal
LVM3,DOB 11.1.18,11.7.19,M,34.2,C57BL/6,no,7,-5.86,normal
LVM3,DOB 11.1.18,11.7.19,M,34.2,C57BL/6,no,7,3.94,normal
LVM3,DOB 11.1.18,11.7.19,M,34.2,C57BL/6,no,7,3.27,normal
LVM3,DOB 11.1.18,11.7.19,M,34.2,C57BL/6,no,7,2.74,normal
LVM3,DOB 11.1.18,11.7.19,M,34.2,C57BL/6,no,7,2.34 gram,normal
LVM3,DOB 11.1.18,11.7.19,M,34.2,C57BL/6,no,8,-0.36,normal
LVM3,DOB 11.1.18,11.7.19,M,34.2,C57BL/6,no,8,-0.45,normal
LVM3,DOB 11.1.18,11.7.19,M,34.2,C57BL/6,no,8,-0.47,normal
LVM3,DOB 11.1.18,11.7.19,M,34.2,C57BL/6,no,8,-0.47,normal
LVM3,DOB 11.1.18,11.7.19,M,34.2,C57BL/6,no,8,-0.74,normal
LVM3,DOB 11.1.18,11.7.19,M,34.2,C57BL/6,no,8,-7.30,normal
LVM3,DOB 11.1.18,11.7.19,M,34.2,C57BL/6,no,8,-20.85,normal
LVM3,DOB 11.1.18,11.7.19,M,34.2,C57BL/6,no,8,-36.01,normal
LVM3,DOB 11.1.18,11.7.19,M,34.2,C57BL/6,no,8,-45.76,normal
LVM3,DOB 11.1.18,11.7.19,M,34.2,C57BL/6,no,8,-36.72,normal
LVM3,DOB 11.1.18,11.7.19,M,34.2,C57BL/6,no,8,-12.25,normal
LVM3,DOB 11.1.18,11.7.19,M,34.2,C57BL/6,no,8,-2.04,normal
LVM3,DOB 11.1.18,11.7.19,M,34.2,C57BL/6,no,8,2.83,normal
LVM3,DOB 11.1.18,11.7.19,M,34.2,C57BL/6,no,8,2.69,normal
LVM3,DOB 11.1.18,11.7.19,M,34.2,C57BL/6,no,8,2.20,normal
LVM3,DOB 11.1.18,11.7.19,M,34.2,C57BL/6,no,9,-1.41,normal
LVM3,DOB 11.1.18,11.7.19,M,34.2,C57BL/6,no,9,-1.49,normal
LVM3,DOB 11.1.18,11.7.19,M,34.2,C57BL/6,no,9,-1.52,normal
LVM3,DOB 11.1.18,11.7.19,M,34.2,C57BL/6,no,9,-1.52,normal
LVM3,DOB 11.1.18,11.7.19,M,34.2,C57BL/6,no,9,-1.60,normal
LVM3,DOB 11.1.18,11.7.19,M,34.2,C57BL/6,no,9,-1.75,normal
LVM3,DOB 11.1.18,11.7.19,M,34.2,C57BL/6,no,9,-2.07,normal
LVM3,DOB 11.1.18,11.7.19,M,34.2,C57BL/6,no,9,-4.39,normal
LVM3,DOB 11.1.18,11.7.19,M,34.2,C57BL/6,no,9,-15.80,normal
LVM3,DOB 11.1.18,11.7.19,M,34.2,C57BL/6,no,9,-43.83,normal
LVM3,DOB 11.1.18,11.7.19,M,34.2,C57BL/6,no,9,-66.69,normal
LVM3,DOB 11.1.18,11.7.19,M,34.2,C57BL/6,no,9,-78.63,normal
LVM3,DOB 11.1.18,11.7.19,M,34.2,C57BL/6,no,9,-62.44,normal
LVM3,DOB 11.1.18,11.7.19,M,34.2,C57BL/6,no,9,-6.68,normal
LVM3,DOB 11.1.18,11.7.19,M,34.2,C57BL/6,no,9,1.81,normal
LVM3,DOB 11.1.18,11.7.19,M,34.2,C57BL/6,no,9,1.14,normal
LVM3,DOB 11.1.18,11.7.19,M,34.2,C57BL/6,no,9,0.66 gra,normal
LVM3,DOB 11.1.18,11.7.19,M,34.2,C57BL/6,no,10,-3.35,normal
LVM3,DOB 11.1.18,11.7.19,M,34.2,C57BL/6,no,10,-3.33,normal
LVM3,DOB 11.1.18,11.7.19,M,34.2,C57BL/6,no,10,-3.48,normal
LVM3,DOB 11.1.18,11.7.19,M,34.2,C57BL/6,no,10,-8.87,normal
LVM3,DOB 11.1.18,11.7.19,M,34.2,C57BL/6,no,10,-26.75,normal
LVM3,DOB 11.1.18,11.7.19,M,34.2,C57BL/6,no,10,-45.93,normal
LVM3,DOB 11.1.18,11.7.19,M,34.2,C57BL/6,no,10,-75.75,normal
LVM3,DOB 11.1.18,11.7.19,M,34.2,C57BL/6,no,10,-100.27,normal
LVM3,DOB 11.1.18,11.7.19,M,34.2,C57BL/6,no,10,-99.19,normal
LVM3,DOB 11.1.18,11.7.19,M,34.2,C57BL/6,no,10,-83.29,normal
LVM3,DOB 11.1.18,11.7.19,M,34.2,C57BL/6,no,10,-58.56,normal
LVM3,DOB 11.1.18,11.7.19,M,34.2,C57BL/6,no,10,-61.42,normal
LVM3,DOB 11.1.18,11.7.19,M,34.2,C57BL/6,no,10,-29.61,normal
LVM3,DOB 11.1.18,11.7.19,M,34.2,C57BL/6,no,10,-1.88,normal
LVM3,DOB 11.1.18,11.7.19,M,34.2,C57BL/6,no,10,-0.78,normal
LVM3,DOB 11.1.18,11.7.19,M,34.2,C57BL/6,no,10,-0.97,normal
LVM3,DOB 11.1.18,11.7.19,M,34.2,C57BL/6,no,10,-1.12,normal
HWM1,8.14.19,M,32.6,C57BL/6,no,1,-1.41,normal
HWM1,8.14.19,M,32.6,C57BL/6,no,1,-1.36,normal
HWM1,8.14.19,M,32.6,C57BL/6,no,1,-1.05,normal
HWM1,8.14.19,M,32.6,C57BL/6,no,1,-1.80,normal
HWM1,8.14.19,M,32.6,C57BL/6,no,1,-1.30,normal
HWM1,8.14.19,M,32.6,C57BL/6,no,1,-1.00,normal
HWM1,8.14.19,M,32.6,C57BL/6,no,1,-2.06,normal
HWM1,8.14.19,M,32.6,C57BL/6,no,1,-2.58,normal
HWM1,8.14.19,M,32.6,C57BL/6,no,1,-0.92,normal
HWM1,8.14.19,M,32.6,C57BL/6,no,1,-0.68,normal
HWM1,8.14.19,M,32.6,C57BL/6,no,1,-1.92,normal
HWM1,8.14.19,M,32.6,C57BL/6,no,1,-3.78,normal
HWM1,8.14.19,M,32.6,C57BL/6,no,1,-8.41,normal
HWM1,8.14.19,M,32.6,C57BL/6,no,1,-20.94,normal
HWM1,8.14.19,M,32.6,C57BL/6,no,1,-50.69,normal
HWM1,8.14.19,M,32.6,C57BL/6,no,1,-79.44,normal
HWM1,8.14.19,M,32.6,C57BL/6,no,1,-26.66,normal
HWM1,8.14.19,M,32.6,C57BL/6,no,1,-0.63,normal
HWM1,8.14.19,M,32.6,C57BL/6,no,1,-0.34,normal
HWM1,8.14.19,M,32.6,C57BL/6,no,1,-0.57,normal
HWM1,8.14.19,M,32.6,C57BL/6,no,1,-0.70,normal
HWM1,8.14.19,M,32.6,C57BL/6,no,1,-0.83,normal
HWM1,8.14.19,M,32.6,C57BL/6,no,1,-1.02,normal
HWM1,8.14.19,M,32.6,C57BL/6,no,1,-1.09,normal
HWM1,8.14.19,M,32.6,C57BL/6,no,2,eading: 3.97,normal
HWM1,8.14.19,M,32.6,C57BL/6,no,2,3.53,normal
HWM1,8.14.19,M,32.6,C57BL/6,no,2,3.22,normal
HWM1,8.14.19,M,32.6,C57BL/6,no,2,3.01,normal
HWM1,8.14.19,M,32.6,C57BL/6,no,2,2.77,normal
HWM1,8.14.19,M,32.6,C57BL/6,no,2,2.56,normal
HWM1,8.14.19,M,32.6,C57BL/6,no,2,2.46,normal
HWM1,8.14.19,M,32.6,C57BL/6,no,2,2.29,normal
HWM1,8.14.19,M,32.6,C57BL/6,no,2,2.12,normal
HWM1,8.14.19,M,32.6,C57BL/6,no,2,2.13,normal
HWM1,8.14.19,M,32.6,C57BL/6,no,2,1.78,normal
HWM1,8.14.19,M,32.6,C57BL/6,no,2,-4.35,normal
HWM1,8.14.19,M,32.6,C57BL/6,no,2,-18.40,normal
HWM1,8.14.19,M,32.6,C57BL/6,no,2,-27.91,normal
HWM1,8.14.19,M,32.6,C57BL/6,no,2,-69.91,normal
HWM1,8.14.19,M,32.6,C57BL/6,no,2,-83.31,normal
HWM1,8.14.19,M,32.6,C57BL/6,no,2,-6.80,normal
HWM1,8.14.19,M,32.6,C57BL/6,no,2,8.33,normal
HWM1,8.14.19,M,32.6,C57BL/6,no,2,8.22,normal
HWM1,8.14.19,M,32.6,C57BL/6,no,2,7.74,normal
HWM1,8.14.19,M,32.6,C57BL/6,no,2,7.26,normal
HWM1,8.14.19,M,32.6,C57BL/6,no,2,6.99,normal
HWM1,8.14.19,M,32.6,C57BL/6,no,3,-1.16,normal
HWM1,8.14.19,M,32.6,C57BL/6,no,3,-1.29,normal
HWM1,8.14.19,M,32.6,C57BL/6,no,3,-1.51,normal
HWM1,8.14.19,M,32.6,C57BL/6,no,3,-1.48,normal
HWM1,8.14.19,M,32.6,C57BL/6,no,3,-1.51,normal
HWM1,8.14.19,M,32.6,C57BL/6,no,3,-1.76,normal
HWM1,8.14.19,M,32.6,C57BL/6,no,3,-1.84,normal
HWM1,8.14.19,M,32.6,C57BL/6,no,3,-1.57,normal
HWM1,8.14.19,M,32.6,C57BL/6,no,3,-2.06,normal
HWM1,8.14.19,M,32.6,C57BL/6,no,3,-3.90,normal
HWM1,8.14.19,M,32.6,C57BL/6,no,3,-3.90,normal
HWM1,8.14.19,M,32.6,C57BL/6,no,3,-4.84,normal
HWM1,8.14.19,M,32.6,C57BL/6,no,3,-6.40,normal
HWM1,8.14.19,M,32.6,C57BL/6,no,3,-11.11,normal
HWM1,8.14.19,M,32.6,C57BL/6,no,3,-69.16,normal
HWM1,8.14.19,M,32.6,C57BL/6,no,3,-51.69,normal
HWM1,8.14.19,M,32.6,C57BL/6,no,3,0.34,normal
HWM1,8.14.19,M,32.6,C57BL/6,no,3,2.26,normal
HWM1,8.14.19,M,32.6,C57BL/6,no,3,1.80,normal
HWM1,8.14.19,M,32.6,C57BL/6,no,3,1.46,normal
HWM1,8.14.19,M,32.6,C57BL/6,no,3,1.04,normal
HWM1,8.14.19,M,32.6,C57BL/6,no,3,0.68,normal
HWM1,8.14.19,M,32.6,C57BL/6,no,3,0.37,normal
HWM2,8.14.19,M,21.2,FLD,no,1,-0.28,normal
HWM2,8.14.19,M,21.2,FLD,no,1,-0.47,normal
HWM2,8.14.19,M,21.2,FLD,no,1,-0.46,normal
HWM2,8.14.19,M,21.2,FLD,no,1,-0.31,normal
HWM2,8.14.19,M,21.2,FLD,no,1,-0.34,normal
HWM2,8.14.19,M,21.2,FLD,no,1,-0.43,normal
HWM2,8.14.19,M,21.2,FLD,no,1,-0.86,normal
HWM2,8.14.19,M,21.2,FLD,no,1,-1.48,normal
HWM2,8.14.19,M,21.2,FLD,no,1,-2.56,normal
HWM2,8.14.19,M,21.2,FLD,no,1,-3.34,normal
HWM2,8.14.19,M,21.2,FLD,no,1,-3.73,normal
HWM2,8.14.19,M,21.2,FLD,no,1,-4.07,normal
HWM2,8.14.19,M,21.2,FLD,no,1,-4.16,normal
HWM2,8.14.19,M,21.2,FLD,no,1,-4.77,normal
HWM2,8.14.19,M,21.2,FLD,no,1,-4.76,normal
HWM2,8.14.19,M,21.2,FLD,no,1,-15.19,normal
HWM2,8.14.19,M,21.2,FLD,no,1,-27.63,normal
HWM2,8.14.19,M,21.2,FLD,no,1,-38.83,normal
HWM2,8.14.19,M,21.2,FLD,no,1,-18.69,normal
HWM2,8.14.19,M,21.2,FLD,no,1,0.50,normal
HWM2,8.14.19,M,21.2,FLD,no,1,1.21,normal
HWM2,8.14.19,M,21.2,FLD,no,1,1.20,normal
HWM2,8.14.19,M,21.2,FLD,no,1,0.71,normal
HWM2,8.14.19,M,21.2,FLD,no,1,0.59,normal
HWM2,8.14.19,M,21.2,FLD,no,2,0.69,normal
HWM2,8.14.19,M,21.2,FLD,no,2,0.45,normal
HWM2,8.14.19,M,21.2,FLD,no,2,0.23,normal
HWM2,8.14.19,M,21.2,FLD,no,2,0.20,normal
HWM2,8.14.19,M,21.2,FLD,no,2,-0.05,normal
HWM2,8.14.19,M,21.2,FLD,no,2,-0.28,normal
HWM2,8.14.19,M,21.2,FLD,no,2,-0.24,normal
HWM2,8.14.19,M,21.2,FLD,no,2,-0.48,normal
HWM2,8.14.19,M,21.2,FLD,no,2,-0.71,normal
HWM2,8.14.19,M,21.2,FLD,no,2,-1.88,normal
HWM2,8.14.19,M,21.2,FLD,no,2,-4.67,normal
HWM2,8.14.19,M,21.2,FLD,no,2,-5.64,normal
HWM2,8.14.19,M,21.2,FLD,no,2,-10.91,normal
HWM2,8.14.19,M,21.2,FLD,no,2,-13.14,normal
HWM2,8.14.19,M,21.2,FLD,no,2,-15.99,normal
HWM2,8.14.19,M,21.2,FLD,no,2,-27.19,normal
HWM2,8.14.19,M,21.2,FLD,no,2,-22.25,normal
HWM2,8.14.19,M,21.2,FLD,no,2,-2.08,normal
HWM2,8.14.19,M,21.2,FLD,no,2,0.78,normal
HWM2,8.14.19,M,21.2,FLD,no,2,1.10,normal
HWM2,8.14.19,M,21.2,FLD,no,2,0.98,normal
HWM2,8.14.19,M,21.2,FLD,no,2,0.77,normal
HWM2,8.14.19,M,21.2,FLD,no,2,0.65,normal
HWM2,8.14.19,M,21.2,FLD,no,2,0.59,normal
HWM2,8.14.19,M,21.2,FLD,no,2,0.51,normal
HWM2,8.14.19,M,21.2,FLD,no,3,0.42,normal
HWM2,8.14.19,M,21.2,FLD,no,3,0.45,normal
HWM2,8.14.19,M,21.2,FLD,no,3,0.73,normal
HWM2,8.14.19,M,21.2,FLD,no,3,0.81,normal
HWM2,8.14.19,M,21.2,FLD,no,3,0.66,normal
HWM2,8.14.19,M,21.2,FLD,no,3,0.51,normal
HWM2,8.14.19,M,21.2,FLD,no,3,0.52,normal
HWM2,8.14.19,M,21.2,FLD,no,3,0.45,normal
HWM2,8.14.19,M,21.2,FLD,no,3,0.26,normal
HWM2,8.14.19,M,21.2,FLD,no,3,-0.12,normal
HWM2,8.14.19,M,21.2,FLD,no,3,-1.39,normal
HWM2,8.14.19,M,21.2,FLD,no,3,-2.50,normal
HWM2,8.14.19,M,21.2,FLD,no,3,-9.33,normal
HWM2,8.14.19,M,21.2,FLD,no,3,-34.18,normal
HWM2,8.14.19,M,21.2,FLD,no,3,-23.39,normal
HWM2,8.14.19,M,21.2,FLD,no,3,1.38,normal
HWM2,8.14.19,M,21.2,FLD,no,3,3.11,normal
HWM2,8.14.19,M,21.2,FLD,no,3,3.16,normal
HWM2,8.14.19,M,21.2,FLD,no,3,2.76,normal
HWM2,8.14.19,M,21.2,FLD,no,3,2.45,normal
HWM2,8.14.19,M,21.2,FLD,no,3,2.27,normal
HWM3,8.14.19,M,24.2,FLD,no,1,-0.08,normal
HWM3,8.14.19,M,24.2,FLD,no,1,-0.18,normal
HWM3,8.14.19,M,24.2,FLD,no,1,0.05,normal
HWM3,8.14.19,M,24.2,FLD,no,1,-0.21,normal
HWM3,8.14.19,M,24.2,FLD,no,1,-0.46,normal
HWM3,8.14.19,M,24.2,FLD,no,1,-0.56,normal
HWM3,8.14.19,M,24.2,FLD,no,1,-0.70,normal
HWM3,8.14.19,M,24.2,FLD,no,1,-0.66,normal
HWM3,8.14.19,M,24.2,FLD,no,1,-0.62,normal
HWM3,8.14.19,M,24.2,FLD,no,1,-0.61,normal
HWM3,8.14.19,M,24.2,FLD,no,1,-0.55,normal
HWM3,8.14.19,M,24.2,FLD,no,1,-2.80,normal
HWM3,8.14.19,M,24.2,FLD,no,1,-3.59,normal
HWM3,8.14.19,M,24.2,FLD,no,1,-9.97,normal
HWM3,8.14.19,M,24.2,FLD,no,1,-28.64,normal
HWM3,8.14.19,M,24.2,FLD,no,1,-35.98,normal
HWM3,8.14.19,M,24.2,FLD,no,1,-8.61,normal
HWM3,8.14.19,M,24.2,FLD,no,1,2.05,normal
HWM3,8.14.19,M,24.2,FLD,no,1,1.82,normal
HWM3,8.14.19,M,24.2,FLD,no,1,1.60,normal
HWM3,8.14.19,M,24.2,FLD,no,1,1.45,normal
HWM3,8.14.19,M,24.2,FLD,no,1,1.35,normal
HWM3,8.14.19,M,24.2,FLD,no,1,1.31,normal
HWM3,8.14.19,M,24.2,FLD,no,1,1.27,normal
HWM3,8.14.19,M,24.2,FLD,no,2,eading: 1.92,normal
HWM3,8.14.19,M,24.2,FLD,no,2,1.66,normal
HWM3,8.14.19,M,24.2,FLD,no,2,1.38,normal
HWM3,8.14.19,M,24.2,FLD,no,2,1.29,normal
HWM3,8.14.19,M,24.2,FLD,no,2,1.15,normal
HWM3,8.14.19,M,24.2,FLD,no,2,0.93,normal
HWM3,8.14.19,M,24.2,FLD,no,2,1.02,normal
HWM3,8.14.19,M,24.2,FLD,no,2,1.05,normal
HWM3,8.14.19,M,24.2,FLD,no,2,1.01,normal
HWM3,8.14.19,M,24.2,FLD,no,2,0.89,normal
HWM3,8.14.19,M,24.2,FLD,no,2,0.64,normal
HWM3,8.14.19,M,24.2,FLD,no,2,0.42,normal
HWM3,8.14.19,M,24.2,FLD,no,2,1.31,normal
HWM3,8.14.19,M,24.2,FLD,no,2,6.89,normal
HWM3,8.14.19,M,24.2,FLD,no,2,1.35,normal
HWM3,8.14.19,M,24.2,FLD,no,2,-7.81,normal
HWM3,8.14.19,M,24.2,FLD,no,2,-15.02,normal
HWM3,8.14.19,M,24.2,FLD,no,2,-5.45,normal
HWM3,8.14.19,M,24.2,FLD,no,2,3.28,normal
HWM3,8.14.19,M,24.2,FLD,no,2,3.31,normal
HWM3,8.14.19,M,24.2,FLD,no,2,3.11,normal
HWM3,8.14.19,M,24.2,FLD,no,2,2.61,normal
HWM3,8.14.19,M,24.2,FLD,no,2,2.27,normal
HWM3,8.14.19,M,24.2,FLD,no,2,2.11,normal
HWM3,8.14.19,M,24.2,FLD,no,3,0.27,normal
HWM3,8.14.19,M,24.2,FLD,no,3,0.16,normal
HWM3,8.14.19,M,24.2,FLD,no,3,0.03,normal
HWM3,8.14.19,M,24.2,FLD,no,3,-0.03,normal
HWM3,8.14.19,M,24.2,FLD,no,3,-0.10,normal
HWM3,8.14.19,M,24.2,FLD,no,3,-0.38,normal
HWM3,8.14.19,M,24.2,FLD,no,3,-0.51,normal
HWM3,8.14.19,M,24.2,FLD,no,3,-0.55,normal
HWM3,8.14.19,M,24.2,FLD,no,3,-0.74,normal
HWM3,8.14.19,M,24.2,FLD,no,3,-1.10,normal
HWM3,8.14.19,M,24.2,FLD,no,3,-4.86,normal
HWM3,8.14.19,M,24.2,FLD,no,3,-11.77,normal
HWM3,8.14.19,M,24.2,FLD,no,3,-13.19,normal
HWM3,8.14.19,M,24.2,FLD,no,3,-11.83,normal
HWM3,8.14.19,M,24.2,FLD,no,3,-10.95,normal
HWM3,8.14.19,M,24.2,FLD,no,3,-12.37,normal
HWM3,8.14.19,M,24.2,FLD,no,3,-12.59,normal
HWM3,8.14.19,M,24.2,FLD,no,3,-16.75,normal
HWM3,8.14.19,M,24.2,FLD,no,3,-20.46,normal
HWM3,8.14.19,M,24.2,FLD,no,3,-8.49,normal
HWM3,8.14.19,M,24.2,FLD,no,3,-1.52,normal
HWM3,8.14.19,M,24.2,FLD,no,3,-1.08,normal
HWM3,8.14.19,M,24.2,FLD,no,3,-0.46,normal
HWM3,8.14.19,M,24.2,FLD,no,3,-0.15,normal
HWM3,8.14.19,M,24.2,FLD,no,3,-0.23,normal
HWM3,8.14.19,M,24.2,FLD,no,3,-0.29,normal
HWM3,8.14.19,M,24.2,FLD,no,3,-0.33,normal
HWM4,8.14.19,M,35.9,C57BL/6,no,1,0.46,normal
HWM4,8.14.19,M,35.9,C57BL/6,no,1,0.49,normal
HWM4,8.14.19,M,35.9,C57BL/6,no,1,0.45,normal
HWM4,8.14.19,M,35.9,C57BL/6,no,1,0.47,normal
HWM4,8.14.19,M,35.9,C57BL/6,no,1,0.21,normal
HWM4,8.14.19,M,35.9,C57BL/6,no,1,0.02,normal
HWM4,8.14.19,M,35.9,C57BL/6,no,1,0.07,normal
HWM4,8.14.19,M,35.9,C57BL/6,no,1,0.11,normal
HWM4,8.14.19,M,35.9,C57BL/6,no,1,0.06,normal
HWM4,8.14.19,M,35.9,C57BL/6,no,1,-0.08,normal
HWM4,8.14.19,M,35.9,C57BL/6,no,1,-0.28,normal
HWM4,8.14.19,M,35.9,C57BL/6,no,1,-0.42,normal
HWM4,8.14.19,M,35.9,C57BL/6,no,1,-0.54,normal
HWM4,8.14.19,M,35.9,C57BL/6,no,1,-1.31,normal
HWM4,8.14.19,M,35.9,C57BL/6,no,1,-1.45,normal
HWM4,8.14.19,M,35.9,C57BL/6,no,1,-1.82,normal
HWM4,8.14.19,M,35.9,C57BL/6,no,1,-18.44,normal
HWM4,8.14.19,M,35.9,C57BL/6,no,1,-75.93,normal
HWM4,8.14.19,M,35.9,C57BL/6,no,1,-72.61,normal
HWM4,8.14.19,M,35.9,C57BL/6,no,1,-4.11,normal
HWM4,8.14.19,M,35.9,C57BL/6,no,1,2.14,normal
HWM4,8.14.19,M,35.9,C57BL/6,no,1,1.66,normal
HWM4,8.14.19,M,35.9,C57BL/6,no,1,1.39,normal
HWM4,8.14.19,M,35.9,C57BL/6,no,2,-1.71,normal
HWM4,8.14.19,M,35.9,C57BL/6,no,2,-2.02,normal
HWM4,8.14.19,M,35.9,C57BL/6,no,2,-2.06,normal
HWM4,8.14.19,M,35.9,C57BL/6,no,2,-2.21,normal
HWM4,8.14.19,M,35.9,C57BL/6,no,2,-2.52,normal
HWM4,8.14.19,M,35.9,C57BL/6,no,2,-2.78,normal
HWM4,8.14.19,M,35.9,C57BL/6,no,2,-2.91,normal
HWM4,8.14.19,M,35.9,C57BL/6,no,2,-3.06,normal
HWM4,8.14.19,M,35.9,C57BL/6,no,2,-3.26,normal
HWM4,8.14.19,M,35.9,C57BL/6,no,2,-3.29,normal
HWM4,8.14.19,M,35.9,C57BL/6,no,2,-3.62,normal
HWM4,8.14.19,M,35.9,C57BL/6,no,2,-4.07,normal
HWM4,8.14.19,M,35.9,C57BL/6,no,2,-8.27,normal
HWM4,8.14.19,M,35.9,C57BL/6,no,2,-26.84,normal
HWM4,8.14.19,M,35.9,C57BL/6,no,2,-57.91,normal
HWM4,8.14.19,M,35.9,C57BL/6,no,2,-115.49,normal
HWM4,8.14.19,M,35.9,C57BL/6,no,2,-153.42,normal
HWM4,8.14.19,M,35.9,C57BL/6,no,2,-60.68,normal
HWM4,8.14.19,M,35.9,C57BL/6,no,2,-6.80,normal
HWM4,8.14.19,M,35.9,C57BL/6,no,2,-2.64,normal
HWM4,8.14.19,M,35.9,C57BL/6,no,2,-1.48,normal
HWM4,8.14.19,M,35.9,C57BL/6,no,2,-0.67,normal
HWM4,8.14.19,M,35.9,C57BL/6,no,2,-0.13,normal
HWM4,8.14.19,M,35.9,C57BL/6,no,2,0.30,normal
HWM4,8.14.19,M,35.9,C57BL/6,no,2,0.71,normal
HWM4,8.14.19,M,35.9,C57BL/6,no,3,-0.57,normal
HWM4,8.14.19,M,35.9,C57BL/6,no,3,-0.62,normal
HWM4,8.14.19,M,35.9,C57BL/6,no,3,-0.67,normal
HWM4,8.14.19,M,35.9,C57BL/6,no,3,-0.57,normal
HWM4,8.14.19,M,35.9,C57BL/6,no,3,-0.57,normal
HWM4,8.14.19,M,35.9,C57BL/6,no,3,-0.53,normal
HWM4,8.14.19,M,35.9,C57BL/6,no,3,-0.57,normal
HWM4,8.14.19,M,35.9,C57BL/6,no,3,-0.87,normal
HWM4,8.14.19,M,35.9,C57BL/6,no,3,-1.17,normal
HWM4,8.14.19,M,35.9,C57BL/6,no,3,-1.38,normal
HWM4,8.14.19,M,35.9,C57BL/6,no,3,-1.47,normal
HWM4,8.14.19,M,35.9,C57BL/6,no,3,-1.55,normal
HWM4,8.14.19,M,35.9,C57BL/6,no,3,-1.69,normal
HWM4,8.14.19,M,35.9,C57BL/6,no,3,-1.85,normal
HWM4,8.14.19,M,35.9,C57BL/6,no,3,-2.20,normal
HWM4,8.14.19,M,35.9,C57BL/6,no,3,-7.12,normal
HWM4,8.14.19,M,35.9,C57BL/6,no,3,-23.09,normal
HWM4,8.14.19,M,35.9,C57BL/6,no,3,-37.77,normal
HWM4,8.14.19,M,35.9,C57BL/6,no,3,-78.77,normal
HWM4,8.14.19,M,35.9,C57BL/6,no,3,-77.09,normal
HWM4,8.14.19,M,35.9,C57BL/6,no,3,-8.10,normal
HWM4,8.14.19,M,35.9,C57BL/6,no,3,2.14,normal
HWM4,8.14.19,M,35.9,C57BL/6,no,3,2.36,normal
HWM4,8.14.19,M,35.9,C57BL/6,no,3,2.33,normal
HWM4,8.14.19,M,35.9,C57BL/6,no,3,2.12,normal
HWM4,8.14.19,M,35.9,C57BL/6,no,3,1.94,normal
HWM4,8.14.19,M,35.9,C57BL/6,no,3,1.79,normal
HWM5,8.14.19,M,19,FLD,no,1,0.00,normal
HWM5,8.14.19,M,19,FLD,no,1,0.19,normal
HWM5,8.14.19,M,19,FLD,no,1,-0.04,normal
HWM5,8.14.19,M,19,FLD,no,1,0.16,normal
HWM5,8.14.19,M,19,FLD,no,1,0.36,normal
HWM5,8.14.19,M,19,FLD,no,1,0.18,normal
HWM5,8.14.19,M,19,FLD,no,1,0.06,normal
HWM5,8.14.19,M,19,FLD,no,1,0.06,normal
HWM5,8.14.19,M,19,FLD,no,1,-0.03,normal
HWM5,8.14.19,M,19,FLD,no,1,-0.17,normal
HWM5,8.14.19,M,19,FLD,no,1,-0.27,normal
HWM5,8.14.19,M,19,FLD,no,1,-0.61,normal
HWM5,8.14.19,M,19,FLD,no,1,-2.95,normal
HWM5,8.14.19,M,19,FLD,no,1,-6.05,normal
HWM5,8.14.19,M,19,FLD,no,1,-9.23,normal
HWM5,8.14.19,M,19,FLD,no,1,-20.19,normal
HWM5,8.14.19,M,19,FLD,no,1,-33.94,normal
HWM5,8.14.19,M,19,FLD,no,1,-11.53,normal
HWM5,8.14.19,M,19,FLD,no,1,-0.37,normal
HWM5,8.14.19,M,19,FLD,no,1,-0.23,normal
HWM5,8.14.19,M,19,FLD,no,1,-0.34,normal
HWM5,8.14.19,M,19,FLD,no,1,-0.35,normal
HWM5,8.14.19,M,19,FLD,no,1,-0.25,normal
HWM5,8.14.19,M,19,FLD,no,2,3.59,normal
HWM5,8.14.19,M,19,FLD,no,2,3.79,normal
HWM5,8.14.19,M,19,FLD,no,2,3.58,normal
HWM5,8.14.19,M,19,FLD,no,2,3.33,normal
HWM5,8.14.19,M,19,FLD,no,2,3.31,normal
HWM5,8.14.19,M,19,FLD,no,2,3.26,normal
HWM5,8.14.19,M,19,FLD,no,2,3.15,normal
HWM5,8.14.19,M,19,FLD,no,2,3.07,normal
HWM5,8.14.19,M,19,FLD,no,2,2.97,normal
HWM5,8.14.19,M,19,FLD,no,2,0.59,normal
HWM5,8.14.19,M,19,FLD,no,2,-5.59,normal
HWM5,8.14.19,M,19,FLD,no,2,-5.92,normal
HWM5,8.14.19,M,19,FLD,no,2,-9.95,normal
HWM5,8.14.19,M,19,FLD,no,2,-11.18,normal
HWM5,8.14.19,M,19,FLD,no,2,-6.81,normal
HWM5,8.14.19,M,19,FLD,no,2,-5.75,normal
HWM5,8.14.19,M,19,FLD,no,2,-2.00,normal
HWM5,8.14.19,M,19,FLD,no,2,-5.33,normal
HWM5,8.14.19,M,19,FLD,no,2,-19.15,normal
HWM5,8.14.19,M,19,FLD,no,2,-38.05,normal
HWM5,8.14.19,M,19,FLD,no,2,-8.76,normal
HWM5,8.14.19,M,19,FLD,no,2,4.87,normal
HWM5,8.14.19,M,19,FLD,no,2,4.04,normal
HWM5,8.14.19,M,19,FLD,no,2,4.11,normal
HWM5,8.14.19,M,19,FLD,no,2,4.14,normal
HWM5,8.14.19,M,19,FLD,no,3,-0.25,normal
HWM5,8.14.19,M,19,FLD,no,3,-0.01,normal
HWM5,8.14.19,M,19,FLD,no,3,0.06,normal
HWM5,8.14.19,M,19,FLD,no,3,0.11,normal
HWM5,8.14.19,M,19,FLD,no,3,-0.05,normal
HWM5,8.14.19,M,19,FLD,no,3,-0.24,normal
HWM5,8.14.19,M,19,FLD,no,3,-0.26,normal
HWM5,8.14.19,M,19,FLD,no,3,-0.16,normal
HWM5,8.14.19,M,19,FLD,no,3,-0.15,normal
HWM5,8.14.19,M,19,FLD,no,3,-0.20,normal
HWM5,8.14.19,M,19,FLD,no,3,-0.27,normal
HWM5,8.14.19,M,19,FLD,no,3,-1.30,normal
HWM5,8.14.19,M,19,FLD,no,3,-6.52,normal
HWM5,8.14.19,M,19,FLD,no,3,-10.75,normal
HWM5,8.14.19,M,19,FLD,no,3,-14.62,normal
HWM5,8.14.19,M,19,FLD,no,3,-23.86,normal
HWM5,8.14.19,M,19,FLD,no,3,-17.33,normal
HWM5,8.14.19,M,19,FLD,no,3,-1.23,normal
HWM5,8.14.19,M,19,FLD,no,3,1.71,normal
HWM5,8.14.19,M,19,FLD,no,3,1.42,normal
HWM5,8.14.19,M,19,FLD,no,3,1.33,normal
HWM5,8.14.19,M,19,FLD,no,3,1.21,normal
HWM5,8.14.19,M,19,FLD,no,3,1.08,normal
HWM5,8.14.19,M,19,FLD,no,3,0.94,normal
HWM5,8.14.19,M,19,FLD,no,3,0.90,normal
HWM5,8.14.19,M,19,FLD,no,3,0.92,normal
HWM5,8.14.19,M,19,FLD,no,3,0.92,normal
HWM5,8.14.19,M,19,FLD,no,3,0.89,normal
HWM5,8.14.19,M,19,FLD,no,3,0.91,normal
HWM5,8.14.19,M,19,FLD,no,3,0.85,normal
HWM5,8.14.19,M,19,FLD,no,3,0.81,normal
HWM5,8.14.19,M,19,FLD,no,3,0.81,normal
HWM6,8.14.19,M,28.8,C57BL/6,no,1,-0.53,normal
HWM6,8.14.19,M,28.8,C57BL/6,no,1,-0.42,normal
HWM6,8.14.19,M,28.8,C57BL/6,no,1,-0.64,normal
HWM6,8.14.19,M,28.8,C57BL/6,no,1,-0.70,normal
HWM6,8.14.19,M,28.8,C57BL/6,no,1,-0.73,normal
HWM6,8.14.19,M,28.8,C57BL/6,no,1,-0.99,normal
HWM6,8.14.19,M,28.8,C57BL/6,no,1,-1.15,normal
HWM6,8.14.19,M,28.8,C57BL/6,no,1,-1.24,normal
HWM6,8.14.19,M,28.8,C57BL/6,no,1,-1.17,normal
HWM6,8.14.19,M,28.8,C57BL/6,no,1,-1.04,normal
HWM6,8.14.19,M,28.8,C57BL/6,no,1,-1.21,normal
HWM6,8.14.19,M,28.8,C57BL/6,no,1,-3.81,normal
HWM6,8.14.19,M,28.8,C57BL/6,no,1,-15.06,normal
HWM6,8.14.19,M,28.8,C57BL/6,no,1,-25.25,normal
HWM6,8.14.19,M,28.8,C57BL/6,no,1,-50.79,normal
HWM6,8.14.19,M,28.8,C57BL/6,no,1,-76.21,normal
HWM6,8.14.19,M,28.8,C57BL/6,no,1,-16.96,normal
HWM6,8.14.19,M,28.8,C57BL/6,no,1,2.59,normal
HWM6,8.14.19,M,28.8,C57BL/6,no,1,2.92,normal
HWM6,8.14.19,M,28.8,C57BL/6,no,1,2.94,normal
HWM6,8.14.19,M,28.8,C57BL/6,no,1,2.51,normal
HWM6,8.14.19,M,28.8,C57BL/6,no,1,2.19,normal
HWM6,8.14.19,M,28.8,C57BL/6,no,2,4.11,normal
HWM6,8.14.19,M,28.8,C57BL/6,no,2,3.69,normal
HWM6,8.14.19,M,28.8,C57BL/6,no,2,3.55,normal
HWM6,8.14.19,M,28.8,C57BL/6,no,2,3.27,normal
HWM6,8.14.19,M,28.8,C57BL/6,no,2,2.57,normal
HWM6,8.14.19,M,28.8,C57BL/6,no,2,1.96,normal
HWM6,8.14.19,M,28.8,C57BL/6,no,2,1.66,normal
HWM6,8.14.19,M,28.8,C57BL/6,no,2,1.54,normal
HWM6,8.14.19,M,28.8,C57BL/6,no,2,1.32,normal
HWM6,8.14.19,M,28.8,C57BL/6,no,2,-1.55,normal
HWM6,8.14.19,M,28.8,C57BL/6,no,2,-12.03,normal
HWM6,8.14.19,M,28.8,C57BL/6,no,2,-36.65,normal
HWM6,8.14.19,M,28.8,C57BL/6,no,2,-78.49,normal
HWM6,8.14.19,M,28.8,C57BL/6,no,2,-121.19,normal
HWM6,8.14.19,M,28.8,C57BL/6,no,2,-45.23,normal
HWM6,8.14.19,M,28.8,C57BL/6,no,2,3.30,normal
HWM6,8.14.19,M,28.8,C57BL/6,no,2,4.41,normal
HWM6,8.14.19,M,28.8,C57BL/6,no,2,3.84,normal
HWM6,8.14.19,M,28.8,C57BL/6,no,2,3.26,normal
HWM6,8.14.19,M,28.8,C57BL/6,no,2,2.73,normal
HWM6,8.14.19,M,28.8,C57BL/6,no,2,2.34,normal
HWM6,8.14.19,M,28.8,C57BL/6,no,2,2.09,normal
HWM6,8.14.19,M,28.8,C57BL/6,no,2,1.84,normal
HWM6,8.14.19,M,28.8,C57BL/6,no,3,5.30,normal
HWM6,8.14.19,M,28.8,C57BL/6,no,3,4.77,normal
HWM6,8.14.19,M,28.8,C57BL/6,no,3,4.17,normal
HWM6,8.14.19,M,28.8,C57BL/6,no,3,4.15,normal
HWM6,8.14.19,M,28.8,C57BL/6,no,3,3.98,normal
HWM6,8.14.19,M,28.8,C57BL/6,no,3,3.70,normal
HWM6,8.14.19,M,28.8,C57BL/6,no,3,3.31,normal
HWM6,8.14.19,M,28.8,C57BL/6,no,3,3.13,normal
HWM6,8.14.19,M,28.8,C57BL/6,no,3,2.88,normal
HWM6,8.14.19,M,28.8,C57BL/6,no,3,2.66,normal
HWM6,8.14.19,M,28.8,C57BL/6,no,3,2.70,normal
HWM6,8.14.19,M,28.8,C57BL/6,no,3,-0.12,normal
HWM6,8.14.19,M,28.8,C57BL/6,no,3,-18.32,normal
HWM6,8.14.19,M,28.8,C57BL/6,no,3,-46.30,normal
HWM6,8.14.19,M,28.8,C57BL/6,no,3,-104.83,normal
HWM6,8.14.19,M,28.8,C57BL/6,no,3,-96.46,normal
HWM6,8.14.19,M,28.8,C57BL/6,no,3,-12.86,normal
HWM6,8.14.19,M,28.8,C57BL/6,no,3,0.98,normal
HWM6,8.14.19,M,28.8,C57BL/6,no,3,1.92,normal
HWM6,8.14.19,M,28.8,C57BL/6,no,3,1.93,normal
HWM6,8.14.19,M,28.8,C57BL/6,no,3,1.93,normal
HWM6,8.14.19,M,28.8,C57BL/6,no,3,1.94,normal
HWM6,8.14.19,M,28.8,C57BL/6,no,3,1.95,normal
HWM7,8.14.19,M,19.5,FLD,no,1,-0.25,normal
HWM7,8.14.19,M,19.5,FLD,no,1,-0.29,normal
HWM7,8.14.19,M,19.5,FLD,no,1,-0.35,normal
HWM7,8.14.19,M,19.5,FLD,no,1,-0.39,normal
HWM7,8.14.19,M,19.5,FLD,no,1,-0.40,normal
HWM7,8.14.19,M,19.5,FLD,no,1,-0.53,normal
HWM7,8.14.19,M,19.5,FLD,no,1,-0.62,normal
HWM7,8.14.19,M,19.5,FLD,no,1,-0.61,normal
HWM7,8.14.19,M,19.5,FLD,no,1,-0.81,normal
HWM7,8.14.19,M,19.5,FLD,no,1,-3.37,normal
HWM7,8.14.19,M,19.5,FLD,no,1,-6.68,normal
HWM7,8.14.19,M,19.5,FLD,no,1,-3.86,normal
HWM7,8.14.19,M,19.5,FLD,no,1,-11.76,normal
HWM7,8.14.19,M,19.5,FLD,no,1,-31.02,normal
HWM7,8.14.19,M,19.5,FLD,no,1,-12.51,normal
HWM7,8.14.19,M,19.5,FLD,no,1,1.41,normal
HWM7,8.14.19,M,19.5,FLD,no,1,1.37,normal
HWM7,8.14.19,M,19.5,FLD,no,1,1.55,normal
HWM7,8.14.19,M,19.5,FLD,no,1,1.57,normal
HWM7,8.14.19,M,19.5,FLD,no,1,1.37,normal
HWM7,8.14.19,M,19.5,FLD,no,1,1.49,normal
HWM7,8.14.19,M,19.5,FLD,no,2,0.43,normal
HWM7,8.14.19,M,19.5,FLD,no,2,0.26,normal
HWM7,8.14.19,M,19.5,FLD,no,2,0.08,normal
HWM7,8.14.19,M,19.5,FLD,no,2,-0.01,normal
HWM7,8.14.19,M,19.5,FLD,no,2,0.01,normal
HWM7,8.14.19,M,19.5,FLD,no,2,0.01,normal
HWM7,8.14.19,M,19.5,FLD,no,2,-0.16,normal
HWM7,8.14.19,M,19.5,FLD,no,2,-0.47,normal
HWM7,8.14.19,M,19.5,FLD,no,2,-1.49,normal
HWM7,8.14.19,M,19.5,FLD,no,2,-0.86,normal
HWM7,8.14.19,M,19.5,FLD,no,2,-4.29,normal
HWM7,8.14.19,M,19.5,FLD,no,2,-7.27,normal
HWM7,8.14.19,M,19.5,FLD,no,2,-13.01,normal
HWM7,8.14.19,M,19.5,FLD,no,2,-17.80,normal
HWM7,8.14.19,M,19.5,FLD,no,2,-5.34,normal
HWM7,8.14.19,M,19.5,FLD,no,2,-0.09,normal
HWM7,8.14.19,M,19.5,FLD,no,2,0.43,normal
HWM7,8.14.19,M,19.5,FLD,no,2,0.66,normal
HWM7,8.14.19,M,19.5,FLD,no,2,0.67,normal
HWM7,8.14.19,M,19.5,FLD,no,2,0.64,normal
HWM7,8.14.19,M,19.5,FLD,no,3,-0.06,normal
HWM7,8.14.19,M,19.5,FLD,no,3,-0.33,normal
HWM7,8.14.19,M,19.5,FLD,no,3,-0.34,normal
HWM7,8.14.19,M,19.5,FLD,no,3,-0.14,normal
HWM7,8.14.19,M,19.5,FLD,no,3,-0.09,normal
HWM7,8.14.19,M,19.5,FLD,no,3,-0.13,normal
HWM7,8.14.19,M,19.5,FLD,no,3,-0.18,normal
HWM7,8.14.19,M,19.5,FLD,no,3,-0.22,normal
HWM7,8.14.19,M,19.5,FLD,no,3,-0.49,normal
HWM7,8.14.19,M,19.5,FLD,no,3,-0.69,normal
HWM7,8.14.19,M,19.5,FLD,no,3,-1.45,normal
HWM7,8.14.19,M,19.5,FLD,no,3,-2.84,normal
HWM7,8.14.19,M,19.5,FLD,no,3,-4.27,normal
HWM7,8.14.19,M,19.5,FLD,no,3,-4.12,normal
HWM7,8.14.19,M,19.5,FLD,no,3,-5.46,normal
HWM7,8.14.19,M,19.5,FLD,no,3,-11.36,normal
HWM7,8.14.19,M,19.5,FLD,no,3,-32.06,normal
HWM7,8.14.19,M,19.5,FLD,no,3,-38.16,normal
HWM7,8.14.19,M,19.5,FLD,no,3,-7.28,normal
HWM7,8.14.19,M,19.5,FLD,no,3,-1.20,normal
HWM7,8.14.19,M,19.5,FLD,no,3,-1.12,normal
HWM7,8.14.19,M,19.5,FLD,no,3,-1.00,normal
HWM7,8.14.19,M,19.5,FLD,no,3,-0.86,normal
HWM7,8.14.19,M,19.5,FLD,no,3,-0.86,normal
HWM7,8.14.19,M,19.5,FLD,no,3,-1.08,normal
HWM7,8.14.19,M,19.5,FLD,no,3,-0.95,normal
HWM7,8.14.19,M,19.5,FLD,no,3,-0.88,normal
HWM8,8.14.19,M,34.2,C57BL/6,no,1,-2.11,normal
HWM8,8.14.19,M,34.2,C57BL/6,no,1,-1.86,normal
HWM8,8.14.19,M,34.2,C57BL/6,no,1,-1.69,normal
HWM8,8.14.19,M,34.2,C57BL/6,no,1,-1.67,normal
HWM8,8.14.19,M,34.2,C57BL/6,no,1,-1.75,normal
HWM8,8.14.19,M,34.2,C57BL/6,no,1,-1.96,normal
HWM8,8.14.19,M,34.2,C57BL/6,no,1,-2.08,normal
HWM8,8.14.19,M,34.2,C57BL/6,no,1,-2.01,normal
HWM8,8.14.19,M,34.2,C57BL/6,no,1,-2.05,normal
HWM8,8.14.19,M,34.2,C57BL/6,no,1,-2.23,normal
HWM8,8.14.19,M,34.2,C57BL/6,no,1,-2.24,normal
HWM8,8.14.19,M,34.2,C57BL/6,no,1,-2.12,normal
HWM8,8.14.19,M,34.2,C57BL/6,no,1,-3.94,normal
HWM8,8.14.19,M,34.2,C57BL/6,no,1,-19.88,normal
HWM8,8.14.19,M,34.2,C57BL/6,no,1,-37.18,normal
HWM8,8.14.19,M,34.2,C57BL/6,no,1,-81.53,normal
HWM8,8.14.19,M,34.2,C57BL/6,no,1,-112.91,normal
HWM8,8.14.19,M,34.2,C57BL/6,no,1,-28.20,normal
HWM8,8.14.19,M,34.2,C57BL/6,no,1,2.32,normal
HWM8,8.14.19,M,34.2,C57BL/6,no,1,3.81,normal
HWM8,8.14.19,M,34.2,C57BL/6,no,1,4.48,normal
HWM8,8.14.19,M,34.2,C57BL/6,no,1,4.40,normal
HWM8,8.14.19,M,34.2,C57BL/6,no,1,4.24,normal
HWM8,8.14.19,M,34.2,C57BL/6,no,2,-0.74,normal
HWM8,8.14.19,M,34.2,C57BL/6,no,2,-0.96,normal
HWM8,8.14.19,M,34.2,C57BL/6,no,2,-1.10,normal
HWM8,8.14.19,M,34.2,C57BL/6,no,2,-1.26,normal
HWM8,8.14.19,M,34.2,C57BL/6,no,2,-1.49,normal
HWM8,8.14.19,M,34.2,C57BL/6,no,2,-1.77,normal
HWM8,8.14.19,M,34.2,C57BL/6,no,2,-1.99,normal
HWM8,8.14.19,M,34.2,C57BL/6,no,2,-2.11,normal
HWM8,8.14.19,M,34.2,C57BL/6,no,2,-2.28,normal
HWM8,8.14.19,M,34.2,C57BL/6,no,2,-6.54,normal
HWM8,8.14.19,M,34.2,C57BL/6,no,2,-20.31,normal
HWM8,8.14.19,M,34.2,C57BL/6,no,2,-43.77,normal
HWM8,8.14.19,M,34.2,C57BL/6,no,2,-97.39,normal
HWM8,8.14.19,M,34.2,C57BL/6,no,2,-65.56,normal
HWM8,8.14.19,M,34.2,C57BL/6,no,2,-0.72,normal
HWM8,8.14.19,M,34.2,C57BL/6,no,2,4.79,normal
HWM8,8.14.19,M,34.2,C57BL/6,no,2,4.66,normal
HWM8,8.14.19,M,34.2,C57BL/6,no,2,3.97,normal
HWM8,8.14.19,M,34.2,C57BL/6,no,2,3.49,normal
HWM8,8.14.19,M,34.2,C57BL/6,no,2,3.19,normal
HWM8,8.14.19,M,34.2,C57BL/6,no,2,2.96,normal
HWM8,8.14.19,M,34.2,C57BL/6,no,2,2.75,normal
HWM8,8.14.19,M,34.2,C57BL/6,no,2,2.59,normal
HWM8,8.14.19,M,34.2,C57BL/6,no,3,-5.80,normal
HWM8,8.14.19,M,34.2,C57BL/6,no,3,-5.54,normal
HWM8,8.14.19,M,34.2,C57BL/6,no,3,-4.80,normal
HWM8,8.14.19,M,34.2,C57BL/6,no,3,-4.12,normal
HWM8,8.14.19,M,34.2,C57BL/6,no,3,-3.67,normal
HWM8,8.14.19,M,34.2,C57BL/6,no,3,-3.38,normal
HWM8,8.14.19,M,34.2,C57BL/6,no,3,-3.31,normal
HWM8,8.14.19,M,34.2,C57BL/6,no,3,-3.32,normal
HWM8,8.14.19,M,34.2,C57BL/6,no,3,-3.67,normal
HWM8,8.14.19,M,34.2,C57BL/6,no,3,-3.79,normal
HWM8,8.14.19,M,34.2,C57BL/6,no,3,-3.82,normal
HWM8,8.14.19,M,34.2,C57BL/6,no,3,-3.97,normal
HWM8,8.14.19,M,34.2,C57BL/6,no,3,-4.38,normal
HWM8,8.14.19,M,34.2,C57BL/6,no,3,-4.98,normal
HWM8,8.14.19,M,34.2,C57BL/6,no,3,-10.99,normal
HWM8,8.14.19,M,34.2,C57BL/6,no,3,-21.23,normal
HWM8,8.14.19,M,34.2,C57BL/6,no,3,-46.69,normal
HWM8,8.14.19,M,34.2,C57BL/6,no,3,-99.87,normal
HWM8,8.14.19,M,34.2,C57BL/6,no,3,-57.78,normal
HWM8,8.14.19,M,34.2,C57BL/6,no,3,-6.33,normal
HWM8,8.14.19,M,34.2,C57BL/6,no,3,-3.43,normal
HWM8,8.14.19,M,34.2,C57BL/6,no,3,-3.08,normal
HWM8,8.14.19,M,34.2,C57BL/6,no,3,-2.99,normal
HWM8,8.14.19,M,34.2,C57BL/6,no,3,-3.15,normal
HWM8,8.14.19,M,34.2,C57BL/6,no,3,-3.41,normal
HWM8,8.14.19,M,34.2,C57BL/6,no,3,-3.55,normal
HWM9,8.15.19,M,27,C57BL/6 lpin1+/-,no,1,11.86,30 deg
HWM9,8.15.19,M,27,C57BL/6 lpin1+/-,no,1,11.77,30 deg 
HWM9,8.15.19,M,27,C57BL/6 lpin1+/-,no,1,11.67,30 deg
HWM9,8.15.19,M,27,C57BL/6 lpin1+/-,no,1,11.65,30 deg
HWM9,8.15.19,M,27,C57BL/6 lpin1+/-,no,1,11.62,30 deg
HWM9,8.15.19,M,27,C57BL/6 lpin1+/-,no,1,11.40,30 deg
HWM9,8.15.19,M,27,C57BL/6 lpin1+/-,no,1,8.27,30 deg
HWM9,8.15.19,M,27,C57BL/6 lpin1+/-,no,1,2.67,30 deg
HWM9,8.15.19,M,27,C57BL/6 lpin1+/-,no,1,-2.55,30 deg
HWM9,8.15.19,M,27,C57BL/6 lpin1+/-,no,1,-5.43,30 deg
HWM9,8.15.19,M,27,C57BL/6 lpin1+/-,no,1,2.04,30 deg
HWM9,8.15.19,M,27,C57BL/6 lpin1+/-,no,1,-1.14,30 deg
HWM9,8.15.19,M,27,C57BL/6 lpin1+/-,no,1,-23.78,30 deg
HWM9,8.15.19,M,27,C57BL/6 lpin1+/-,no,1,-7.59,30 deg
HWM9,8.15.19,M,27,C57BL/6 lpin1+/-,no,1,13.08,30 deg
HWM9,8.15.19,M,27,C57BL/6 lpin1+/-,no,1,14.03,30 deg
HWM9,8.15.19,M,27,C57BL/6 lpin1+/-,no,1,14.58,30 deg
HWM9,8.15.19,M,27,C57BL/6 lpin1+/-,no,1,14.88,30 deg
HWM9,8.15.19,M,27,C57BL/6 lpin1+/-,no,1,14.76,30 deg
HWM9,8.15.19,M,27,C57BL/6 lpin1+/-,no,1,14.57,30 deg
HWM9,8.15.19,M,27,C57BL/6 lpin1+/-,no,2,-0.50,30 deg
HWM9,8.15.19,M,27,C57BL/6 lpin1+/-,no,2,-0.65,30 deg
HWM9,8.15.19,M,27,C57BL/6 lpin1+/-,no,2,-0.64,30 deg
HWM9,8.15.19,M,27,C57BL/6 lpin1+/-,no,2,-0.56,30 deg
HWM9,8.15.19,M,27,C57BL/6 lpin1+/-,no,2,-0.45,30 deg
HWM9,8.15.19,M,27,C57BL/6 lpin1+/-,no,2,-0.19,30 deg
HWM9,8.15.19,M,27,C57BL/6 lpin1+/-,no,2,-0.06,30 deg
HWM9,8.15.19,M,27,C57BL/6 lpin1+/-,no,2,-0.22,30 deg
HWM9,8.15.19,M,27,C57BL/6 lpin1+/-,no,2,-0.54,30 deg
HWM9,8.15.19,M,27,C57BL/6 lpin1+/-,no,2,-3.76,30 deg
HWM9,8.15.19,M,27,C57BL/6 lpin1+/-,no,2,-10.51,30 deg
HWM9,8.15.19,M,27,C57BL/6 lpin1+/-,no,2,-26.43,30 deg
HWM9,8.15.19,M,27,C57BL/6 lpin1+/-,no,2,-86.78,30 deg
HWM9,8.15.19,M,27,C57BL/6 lpin1+/-,no,2,-93.82,30 deg
HWM9,8.15.19,M,27,C57BL/6 lpin1+/-,no,2,-11.03,30 deg
HWM9,8.15.19,M,27,C57BL/6 lpin1+/-,no,2,3.78,30 deg
HWM9,8.15.19,M,27,C57BL/6 lpin1+/-,no,2,3.36,30 deg
HWM9,8.15.19,M,27,C57BL/6 lpin1+/-,no,2,3.08,30 deg
HWM9,8.15.19,M,27,C57BL/6 lpin1+/-,no,2,2.93,30 deg
HWM9,8.15.19,M,27,C57BL/6 lpin1+/-,no,2,2.70,30 deg
HWM9,8.15.19,M,27,C57BL/6 lpin1+/-,no,2,2.49,30 deg
HWM9,8.15.19,M,27,C57BL/6 lpin1+/-,no,2,2.34,30 deg
HWM9,8.15.19,M,27,C57BL/6 lpin1+/-,no,3,-0.17,30 deg
HWM9,8.15.19,M,27,C57BL/6 lpin1+/-,no,3,-0.28,30 deg
HWM9,8.15.19,M,27,C57BL/6 lpin1+/-,no,3,-0.29,30 deg
HWM9,8.15.19,M,27,C57BL/6 lpin1+/-,no,3,-0.34,30 deg
HWM9,8.15.19,M,27,C57BL/6 lpin1+/-,no,3,-0.33,30 deg
HWM9,8.15.19,M,27,C57BL/6 lpin1+/-,no,3,-0.20,30 deg
HWM9,8.15.19,M,27,C57BL/6 lpin1+/-,no,3,-0.04,30 deg
HWM9,8.15.19,M,27,C57BL/6 lpin1+/-,no,3,0.03,30 deg
HWM9,8.15.19,M,27,C57BL/6 lpin1+/-,no,3,0.12,30 deg
HWM9,8.15.19,M,27,C57BL/6 lpin1+/-,no,3,0.06,30 deg
HWM9,8.15.19,M,27,C57BL/6 lpin1+/-,no,3,-0.21,30 deg
HWM9,8.15.19,M,27,C57BL/6 lpin1+/-,no,3,-0.43,30 deg
HWM9,8.15.19,M,27,C57BL/6 lpin1+/-,no,3,-0.53,30 deg
HWM9,8.15.19,M,27,C57BL/6 lpin1+/-,no,3,-2.40,30 deg
HWM9,8.15.19,M,27,C57BL/6 lpin1+/-,no,3,-13.12,30 deg
HWM9,8.15.19,M,27,C57BL/6 lpin1+/-,no,3,-32.74,30 deg
HWM9,8.15.19,M,27,C57BL/6 lpin1+/-,no,3,-68.20,30 deg
HWM9,8.15.19,M,27,C57BL/6 lpin1+/-,no,3,-30.63,30 deg
HWM9,8.15.19,M,27,C57BL/6 lpin1+/-,no,3,0.58,30 deg
HWM9,8.15.19,M,27,C57BL/6 lpin1+/-,no,3,1.38,30 deg
HWM9,8.15.19,M,27,C57BL/6 lpin1+/-,no,3,1.51,30 deg
HWM9,8.15.19,M,27,C57BL/6 lpin1+/-,no,3,1.40,30 deg
HWM10,8.15.19,M,26.4,C57BL/6 lpin1+/-,no,1,-0.18,30 deg
HWM10,8.15.19,M,26.4,C57BL/6 lpin1+/-,no,1,-0.43,30 deg
HWM10,8.15.19,M,26.4,C57BL/6 lpin1+/-,no,1,-0.70,30 deg
HWM10,8.15.19,M,26.4,C57BL/6 lpin1+/-,no,1,-0.71,30 deg
HWM10,8.15.19,M,26.4,C57BL/6 lpin1+/-,no,1,-0.83,30 deg
HWM10,8.15.19,M,26.4,C57BL/6 lpin1+/-,no,1,-0.89,30 deg
HWM10,8.15.19,M,26.4,C57BL/6 lpin1+/-,no,1,-0.91,30 deg
HWM10,8.15.19,M,26.4,C57BL/6 lpin1+/-,no,1,-2.85,30 deg
HWM10,8.15.19,M,26.4,C57BL/6 lpin1+/-,no,1,-8.49,30 deg
HWM10,8.15.19,M,26.4,C57BL/6 lpin1+/-,no,1,-19.06,30 deg
HWM10,8.15.19,M,26.4,C57BL/6 lpin1+/-,no,1,-52.83,30 deg
HWM10,8.15.19,M,26.4,C57BL/6 lpin1+/-,no,1,-24.97,30 deg
HWM10,8.15.19,M,26.4,C57BL/6 lpin1+/-,no,1,0.94,30 deg
HWM10,8.15.19,M,26.4,C57BL/6 lpin1+/-,no,1,1.71,30 deg
HWM10,8.15.19,M,26.4,C57BL/6 lpin1+/-,no,1,1.63,30 deg
HWM10,8.15.19,M,26.4,C57BL/6 lpin1+/-,no,1,1.47,30 deg
HWM10,8.15.19,M,26.4,C57BL/6 lpin1+/-,no,1,1.41,30 deg
HWM10,8.15.19,M,26.4,C57BL/6 lpin1+/-,no,1,1.45,30 deg
HWM10,8.15.19,M,26.4,C57BL/6 lpin1+/-,no,1,1.55,30 deg
HWM10,8.15.19,M,26.4,C57BL/6 lpin1+/-,no,2,0.12,30 deg
HWM10,8.15.19,M,26.4,C57BL/6 lpin1+/-,no,2,-0.03,30 deg
HWM10,8.15.19,M,26.4,C57BL/6 lpin1+/-,no,2,-0.17,30 deg
HWM10,8.15.19,M,26.4,C57BL/6 lpin1+/-,no,2,-0.09,30 deg
HWM10,8.15.19,M,26.4,C57BL/6 lpin1+/-,no,2,-0.04,30 deg
HWM10,8.15.19,M,26.4,C57BL/6 lpin1+/-,no,2,-0.11,30 deg
HWM10,8.15.19,M,26.4,C57BL/6 lpin1+/-,no,2,-0.07,30 deg
HWM10,8.15.19,M,26.4,C57BL/6 lpin1+/-,no,2,-0.13,30 deg
HWM10,8.15.19,M,26.4,C57BL/6 lpin1+/-,no,2,-1.43,30 deg
HWM10,8.15.19,M,26.4,C57BL/6 lpin1+/-,no,2,-9.18,30 deg
HWM10,8.15.19,M,26.4,C57BL/6 lpin1+/-,no,2,-27.63,30 deg
HWM10,8.15.19,M,26.4,C57BL/6 lpin1+/-,no,2,-69.42,30 deg
HWM10,8.15.19,M,26.4,C57BL/6 lpin1+/-,no,2,-72.91,30 deg
HWM10,8.15.19,M,26.4,C57BL/6 lpin1+/-,no,2,-8.39,30 deg
HWM10,8.15.19,M,26.4,C57BL/6 lpin1+/-,no,2,2.53,30 deg
HWM10,8.15.19,M,26.4,C57BL/6 lpin1+/-,no,2,2.97,30 deg
HWM10,8.15.19,M,26.4,C57BL/6 lpin1+/-,no,2,3.17,30 deg
HWM10,8.15.19,M,26.4,C57BL/6 lpin1+/-,no,2,3.26,30 deg
HWM10,8.15.19,M,26.4,C57BL/6 lpin1+/-,no,2,3.07,30 deg
HWM10,8.15.19,M,26.4,C57BL/6 lpin1+/-,no,3,-1.94,30 deg
HWM10,8.15.19,M,26.4,C57BL/6 lpin1+/-,no,3,-2.06,30 deg
HWM10,8.15.19,M,26.4,C57BL/6 lpin1+/-,no,3,-2.01,30 deg
HWM10,8.15.19,M,26.4,C57BL/6 lpin1+/-,no,3,-1.97,30 deg
HWM10,8.15.19,M,26.4,C57BL/6 lpin1+/-,no,3,-2.02,30 deg
HWM10,8.15.19,M,26.4,C57BL/6 lpin1+/-,no,3,-1.78,30 deg
HWM10,8.15.19,M,26.4,C57BL/6 lpin1+/-,no,3,-1.54,30 deg
HWM10,8.15.19,M,26.4,C57BL/6 lpin1+/-,no,3,-1.39,30 deg
HWM10,8.15.19,M,26.4,C57BL/6 lpin1+/-,no,3,-1.26,30 deg
HWM10,8.15.19,M,26.4,C57BL/6 lpin1+/-,no,3,-1.51,30 deg
HWM10,8.15.19,M,26.4,C57BL/6 lpin1+/-,no,3,-1.62,30 deg
HWM10,8.15.19,M,26.4,C57BL/6 lpin1+/-,no,3,-1.49,30 deg
HWM10,8.15.19,M,26.4,C57BL/6 lpin1+/-,no,3,-1.37,30 deg
HWM10,8.15.19,M,26.4,C57BL/6 lpin1+/-,no,3,-1.31,30 deg
HWM10,8.15.19,M,26.4,C57BL/6 lpin1+/-,no,3,-1.24,30 deg
HWM10,8.15.19,M,26.4,C57BL/6 lpin1+/-,no,3,-1.22,30 deg
HWM10,8.15.19,M,26.4,C57BL/6 lpin1+/-,no,3,-1.86,30 deg
HWM10,8.15.19,M,26.4,C57BL/6 lpin1+/-,no,3,-7.72,30 deg
HWM10,8.15.19,M,26.4,C57BL/6 lpin1+/-,no,3,-25.25,30 deg
HWM10,8.15.19,M,26.4,C57BL/6 lpin1+/-,no,3,-47.08,30 deg
HWM10,8.15.19,M,26.4,C57BL/6 lpin1+/-,no,3,-84.40,30 deg
HWM10,8.15.19,M,26.4,C57BL/6 lpin1+/-,no,3,-51.87,30 deg
HWM10,8.15.19,M,26.4,C57BL/6 lpin1+/-,no,3,-1.95,30 deg
HWM10,8.15.19,M,26.4,C57BL/6 lpin1+/-,no,3,1.44,30 deg
HWM10,8.15.19,M,26.4,C57BL/6 lpin1+/-,no,3,1.03,30 deg
HWM10,8.15.19,M,26.4,C57BL/6 lpin1+/-,no,3,0.84,30 deg
HWM10,8.15.19,M,26.4,C57BL/6 lpin1+/-,no,3,0.46,30 deg
HWM10,8.15.19,M,26.4,C57BL/6 lpin1+/-,no,3,0.13,30 deg
HWM11,8.15.19,M,21.3,FLD,no,1,-0.28,30 deg
HWM11,8.15.19,M,21.3,FLD,no,1,-1.00,30 deg
HWM11,8.15.19,M,21.3,FLD,no,1,-0.93,30 deg
HWM11,8.15.19,M,21.3,FLD,no,1,-0.74,30 deg
HWM11,8.15.19,M,21.3,FLD,no,1,-0.56,30 deg
HWM11,8.15.19,M,21.3,FLD,no,1,-0.44,30 deg
HWM11,8.15.19,M,21.3,FLD,no,1,-0.32,30 deg
HWM11,8.15.19,M,21.3,FLD,no,1,-0.18,30 deg
HWM11,8.15.19,M,21.3,FLD,no,1,-0.16,30 deg
HWM11,8.15.19,M,21.3,FLD,no,1,-0.17,30 deg
HWM11,8.15.19,M,21.3,FLD,no,1,-0.12,30 deg
HWM11,8.15.19,M,21.3,FLD,no,1,-0.25,30 deg
HWM11,8.15.19,M,21.3,FLD,no,1,-0.54,30 deg
HWM11,8.15.19,M,21.3,FLD,no,1,-2.66,30 deg
HWM11,8.15.19,M,21.3,FLD,no,1,-10.12,30 deg
HWM11,8.15.19,M,21.3,FLD,no,1,-17.21,30 deg
HWM11,8.15.19,M,21.3,FLD,no,1,-24.12,30 deg
HWM11,8.15.19,M,21.3,FLD,no,1,-21.17,30 deg
HWM11,8.15.19,M,21.3,FLD,no,1,-3.42,30 deg
HWM11,8.15.19,M,21.3,FLD,no,1,0.12,30 deg
HWM11,8.15.19,M,21.3,FLD,no,1,0.23,30 deg
HWM11,8.15.19,M,21.3,FLD,no,1,0.46,30 deg
HWM11,8.15.19,M,21.3,FLD,no,1,0.61,30 deg
HWM11,8.15.19,M,21.3,FLD,no,1,0.65,30 deg
HWM11,8.15.19,M,21.3,FLD,no,2,2.24,30 deg
HWM11,8.15.19,M,21.3,FLD,no,2,2.17,30 deg
HWM11,8.15.19,M,21.3,FLD,no,2,1.98,30 deg
HWM11,8.15.19,M,21.3,FLD,no,2,1.72,30 deg
HWM11,8.15.19,M,21.3,FLD,no,2,1.59,30 deg
HWM11,8.15.19,M,21.3,FLD,no,2,1.57,30 deg
HWM11,8.15.19,M,21.3,FLD,no,2,1.34,30 deg
HWM11,8.15.19,M,21.3,FLD,no,2,1.25,30 deg
HWM11,8.15.19,M,21.3,FLD,no,2,1.24,30 deg
HWM11,8.15.19,M,21.3,FLD,no,2,0.88,30 deg
HWM11,8.15.19,M,21.3,FLD,no,2,0.53,30 deg
HWM11,8.15.19,M,21.3,FLD,no,2,0.34,30 deg
HWM11,8.15.19,M,21.3,FLD,no,2,-3.33,30 deg
HWM11,8.15.19,M,21.3,FLD,no,2,-10.78,30 deg
HWM11,8.15.19,M,21.3,FLD,no,2,-19.88,30 deg
HWM11,8.15.19,M,21.3,FLD,no,2,-39.34,30 deg
HWM11,8.15.19,M,21.3,FLD,no,2,-68.13,30 deg
HWM11,8.15.19,M,21.3,FLD,no,2,-42.82,30 deg
HWM11,8.15.19,M,21.3,FLD,no,2,-7.97,30 deg
HWM11,8.15.19,M,21.3,FLD,no,2,-3.14,30 deg
HWM11,8.15.19,M,21.3,FLD,no,2,-1.35,30 deg
HWM11,8.15.19,M,21.3,FLD,no,2,-0.61,30 deg
HWM11,8.15.19,M,21.3,FLD,no,2,-0.31,30 deg
HWM11,8.15.19,M,21.3,FLD,no,2,-0.10,30 deg
HWM11,8.15.19,M,21.3,FLD,no,3,0.39,30 deg
HWM11,8.15.19,M,21.3,FLD,no,3,0.38,30 deg
HWM11,8.15.19,M,21.3,FLD,no,3,0.37,30 deg
HWM11,8.15.19,M,21.3,FLD,no,3,0.36,30 deg
HWM11,8.15.19,M,21.3,FLD,no,3,0.22,30 deg
HWM11,8.15.19,M,21.3,FLD,no,3,0.07,30 deg
HWM11,8.15.19,M,21.3,FLD,no,3,0.02,30 deg
HWM11,8.15.19,M,21.3,FLD,no,3,-0.13,30 deg
HWM11,8.15.19,M,21.3,FLD,no,3,-0.25,30 deg
HWM11,8.15.19,M,21.3,FLD,no,3,-0.24,30 deg
HWM11,8.15.19,M,21.3,FLD,no,3,-0.47,30 deg
HWM11,8.15.19,M,21.3,FLD,no,3,-1.28,30 deg
HWM11,8.15.19,M,21.3,FLD,no,3,-3.79,30 deg
HWM11,8.15.19,M,21.3,FLD,no,3,-9.29,30 deg
HWM11,8.15.19,M,21.3,FLD,no,3,-20.71,30 deg
HWM11,8.15.19,M,21.3,FLD,no,3,-34.79,30 deg
HWM11,8.15.19,M,21.3,FLD,no,3,-49.20,30 deg
HWM11,8.15.19,M,21.3,FLD,no,3,-19.44,30 deg
HWM11,8.15.19,M,21.3,FLD,no,3,-0.26,30 deg
HWM11,8.15.19,M,21.3,FLD,no,3,0.39,30 deg
HWM11,8.15.19,M,21.3,FLD,no,3,1.04,30 deg
HWM11,8.15.19,M,21.3,FLD,no,3,1.25,30 deg
HWM11,8.15.19,M,21.3,FLD,no,3,1.09,30 deg
HWM12,8.15.19,M,16.8,FLD,no,1,-0.41,30 deg
HWM12,8.15.19,M,16.8,FLD,no,1,-0.55,30 deg
HWM12,8.15.19,M,16.8,FLD,no,1,-0.48,30 deg
HWM12,8.15.19,M,16.8,FLD,no,1,-0.42,30 deg
HWM12,8.15.19,M,16.8,FLD,no,1,-0.32,30 deg
HWM12,8.15.19,M,16.8,FLD,no,1,-0.23,30 deg
HWM12,8.15.19,M,16.8,FLD,no,1,-0.25,30 deg
HWM12,8.15.19,M,16.8,FLD,no,1,-0.33,30 deg
HWM12,8.15.19,M,16.8,FLD,no,1,-0.42,30 deg
HWM12,8.15.19,M,16.8,FLD,no,1,-0.58,30 deg
HWM12,8.15.19,M,16.8,FLD,no,1,-0.61,30 deg
HWM12,8.15.19,M,16.8,FLD,no,1,-0.81,30 deg
HWM12,8.15.19,M,16.8,FLD,no,1,-2.51,30 deg
HWM12,8.15.19,M,16.8,FLD,no,1,-7.96,30 deg
HWM12,8.15.19,M,16.8,FLD,no,1,-11.00,30 deg
HWM12,8.15.19,M,16.8,FLD,no,1,-18.55,30 deg
HWM12,8.15.19,M,16.8,FLD,no,1,-34.42,30 deg
HWM12,8.15.19,M,16.8,FLD,no,1,-21.40,30 deg
HWM12,8.15.19,M,16.8,FLD,no,1,-1.17,30 deg
HWM12,8.15.19,M,16.8,FLD,no,1,0.75,30 deg
HWM12,8.15.19,M,16.8,FLD,no,1,0.82,30 deg
HWM12,8.15.19,M,16.8,FLD,no,1,0.64,30 deg
HWM12,8.15.19,M,16.8,FLD,no,1,0.51,30 deg
HWM12,8.15.19,M,16.8,FLD,no,1,0.53,30 deg
HWM12,8.15.19,M,16.8,FLD,no,2,-0.14,30 deg
HWM12,8.15.19,M,16.8,FLD,no,2,-0.18,30 deg
HWM12,8.15.19,M,16.8,FLD,no,2,-0.07,30 deg
HWM12,8.15.19,M,16.8,FLD,no,2,0.03,30 deg
HWM12,8.15.19,M,16.8,FLD,no,2,0.08,30 deg
HWM12,8.15.19,M,16.8,FLD,no,2,0.18,30 deg
HWM12,8.15.19,M,16.8,FLD,no,2,0.19,30 deg
HWM12,8.15.19,M,16.8,FLD,no,2,0.09,30 deg
HWM12,8.15.19,M,16.8,FLD,no,2,0.06,30 deg
HWM12,8.15.19,M,16.8,FLD,no,2,0.05,30 deg
HWM12,8.15.19,M,16.8,FLD,no,2,-0.03,30 deg
HWM12,8.15.19,M,16.8,FLD,no,2,0.06,30 deg
HWM12,8.15.19,M,16.8,FLD,no,2,-0.07,30 deg
HWM12,8.15.19,M,16.8,FLD,no,2,-0.55,30 deg
HWM12,8.15.19,M,16.8,FLD,no,2,-4.24,30 deg
HWM12,8.15.19,M,16.8,FLD,no,2,-13.99,30 deg
HWM12,8.15.19,M,16.8,FLD,no,2,-31.13,30 deg
HWM12,8.15.19,M,16.8,FLD,no,2,-53.09,30 deg
HWM12,8.15.19,M,16.8,FLD,no,2,-20.43,30 deg
HWM12,8.15.19,M,16.8,FLD,no,2,-2.68,30 deg
HWM12,8.15.19,M,16.8,FLD,no,2,-0.71,30 deg
HWM12,8.15.19,M,16.8,FLD,no,2,0.16,30 deg
HWM12,8.15.19,M,16.8,FLD,no,2,0.34,30 deg
HWM12,8.15.19,M,16.8,FLD,no,2,0.28,30 deg
HWM12,8.15.19,M,16.8,FLD,no,2,0.35,30 deg
HWM12,8.15.19,M,16.8,FLD,no,2,0.44,30 deg
HWM12,8.15.19,M,16.8,FLD,no,2,0.39,30 deg
HWM12,8.15.19,M,16.8,FLD,no,2,0.51,30 deg
HWM12,8.15.19,M,16.8,FLD,no,2,0.60,30 deg
HWM12,8.15.19,M,16.8,FLD,no,3,0.59,30 deg
HWM12,8.15.19,M,16.8,FLD,no,3,0.57,30 deg
HWM12,8.15.19,M,16.8,FLD,no,3,0.50,30 deg
HWM12,8.15.19,M,16.8,FLD,no,3,0.24,30 deg
HWM12,8.15.19,M,16.8,FLD,no,3,0.00,30 deg
HWM12,8.15.19,M,16.8,FLD,no,3,-0.04,30 deg
HWM12,8.15.19,M,16.8,FLD,no,3,-0.07,30 deg
HWM12,8.15.19,M,16.8,FLD,no,3,-0.10,30 deg
HWM12,8.15.19,M,16.8,FLD,no,3,-0.12,30 deg
HWM12,8.15.19,M,16.8,FLD,no,3,-0.08,30 deg
HWM12,8.15.19,M,16.8,FLD,no,3,-0.09,30 deg
HWM12,8.15.19,M,16.8,FLD,no,3,-0.32,30 deg
HWM12,8.15.19,M,16.8,FLD,no,3,-2.39,30 deg
HWM12,8.15.19,M,16.8,FLD,no,3,-7.58,30 deg
HWM12,8.15.19,M,16.8,FLD,no,3,-16.86,30 deg
HWM12,8.15.19,M,16.8,FLD,no,3,-26.59,30 deg
HWM12,8.15.19,M,16.8,FLD,no,3,-7.82,30 deg
HWM12,8.15.19,M,16.8,FLD,no,3,0.97,30 deg
HWM12,8.15.19,M,16.8,FLD,no,3,1.27,30 deg
HWM12,8.15.19,M,16.8,FLD,no,3,1.08,30 deg
HWM12,8.15.19,M,16.8,FLD,no,3,0.77,30 deg
HWM12,8.15.19,M,16.8,FLD,no,3,0.53,30 deg
HWM12,8.15.19,M,16.8,FLD,no,3,0.45,30 deg
HWM12,8.15.19,M,16.8,FLD,no,3,0.39,30 deg
HWM13,8.15.19,M,27.8,C57BL/6 lpin1+/-,no,1,0.37,30 deg
HWM13,8.15.19,M,27.8,C57BL/6 lpin1+/-,no,1,0.39,30 deg
HWM13,8.15.19,M,27.8,C57BL/6 lpin1+/-,no,1,0.41,30 deg
HWM13,8.15.19,M,27.8,C57BL/6 lpin1+/-,no,1,0.23,30 deg
HWM13,8.15.19,M,27.8,C57BL/6 lpin1+/-,no,1,0.06,30 deg
HWM13,8.15.19,M,27.8,C57BL/6 lpin1+/-,no,1,0.15,30 deg
HWM13,8.15.19,M,27.8,C57BL/6 lpin1+/-,no,1,0.24,30 deg
HWM13,8.15.19,M,27.8,C57BL/6 lpin1+/-,no,1,0.22,30 deg
HWM13,8.15.19,M,27.8,C57BL/6 lpin1+/-,no,1,0.27,30 deg
HWM13,8.15.19,M,27.8,C57BL/6 lpin1+/-,no,1,0.18,30 deg
HWM13,8.15.19,M,27.8,C57BL/6 lpin1+/-,no,1,-0.58,30 deg
HWM13,8.15.19,M,27.8,C57BL/6 lpin1+/-,no,1,-4.02,30 deg
HWM13,8.15.19,M,27.8,C57BL/6 lpin1+/-,no,1,-8.97,30 deg
HWM13,8.15.19,M,27.8,C57BL/6 lpin1+/-,no,1,-33.85,30 deg
HWM13,8.15.19,M,27.8,C57BL/6 lpin1+/-,no,1,-65.77,30 deg
HWM13,8.15.19,M,27.8,C57BL/6 lpin1+/-,no,1,-19.36,30 deg
HWM13,8.15.19,M,27.8,C57BL/6 lpin1+/-,no,1,2.47,30 deg
HWM13,8.15.19,M,27.8,C57BL/6 lpin1+/-,no,1,2.54,30 deg
HWM13,8.15.19,M,27.8,C57BL/6 lpin1+/-,no,1,2.46,30 deg
HWM13,8.15.19,M,27.8,C57BL/6 lpin1+/-,no,1,2.39,30 deg
HWM13,8.15.19,M,27.8,C57BL/6 lpin1+/-,no,1,2.23,30 deg
HWM13,8.15.19,M,27.8,C57BL/6 lpin1+/-,no,2,-0.19,30 deg
HWM13,8.15.19,M,27.8,C57BL/6 lpin1+/-,no,2,-0.31,30 deg
HWM13,8.15.19,M,27.8,C57BL/6 lpin1+/-,no,2,-0.37,30 deg
HWM13,8.15.19,M,27.8,C57BL/6 lpin1+/-,no,2,-0.48,30 deg
HWM13,8.15.19,M,27.8,C57BL/6 lpin1+/-,no,2,-0.65,30 deg
HWM13,8.15.19,M,27.8,C57BL/6 lpin1+/-,no,2,-0.68,30 deg
HWM13,8.15.19,M,27.8,C57BL/6 lpin1+/-,no,2,-0.55,30 deg
HWM13,8.15.19,M,27.8,C57BL/6 lpin1+/-,no,2,-0.33,30 deg
HWM13,8.15.19,M,27.8,C57BL/6 lpin1+/-,no,2,-0.20,30 deg
HWM13,8.15.19,M,27.8,C57BL/6 lpin1+/-,no,2,-0.21,30 deg
HWM13,8.15.19,M,27.8,C57BL/6 lpin1+/-,no,2,-0.30,30 deg
HWM13,8.15.19,M,27.8,C57BL/6 lpin1+/-,no,2,-0.35,30 deg
HWM13,8.15.19,M,27.8,C57BL/6 lpin1+/-,no,2,-0.39,30 deg
HWM13,8.15.19,M,27.8,C57BL/6 lpin1+/-,no,2,-0.95,30 deg
HWM13,8.15.19,M,27.8,C57BL/6 lpin1+/-,no,2,-5.83,30 deg
HWM13,8.15.19,M,27.8,C57BL/6 lpin1+/-,no,2,-4.46,30 deg
HWM13,8.15.19,M,27.8,C57BL/6 lpin1+/-,no,2,-21.75,30 deg
HWM13,8.15.19,M,27.8,C57BL/6 lpin1+/-,no,2,-67.73,30 deg
HWM13,8.15.19,M,27.8,C57BL/6 lpin1+/-,no,2,-67.02,30 deg
HWM13,8.15.19,M,27.8,C57BL/6 lpin1+/-,no,2,-6.11,30 deg
HWM13,8.15.19,M,27.8,C57BL/6 lpin1+/-,no,2,2.56,30 deg
HWM13,8.15.19,M,27.8,C57BL/6 lpin1+/-,no,2,2.10,30 deg
HWM13,8.15.19,M,27.8,C57BL/6 lpin1+/-,no,2,1.96,30 deg
HWM13,8.15.19,M,27.8,C57BL/6 lpin1+/-,no,2,1.72,30 deg
HWM13,8.15.19,M,27.8,C57BL/6 lpin1+/-,no,2,1.41,30 deg
HWM13,8.15.19,M,27.8,C57BL/6 lpin1+/-,no,3,-1.93,30 deg
HWM13,8.15.19,M,27.8,C57BL/6 lpin1+/-,no,3,-2.11,30 deg
HWM13,8.15.19,M,27.8,C57BL/6 lpin1+/-,no,3,-2.20,30 deg
HWM13,8.15.19,M,27.8,C57BL/6 lpin1+/-,no,3,-2.18,30 deg
HWM13,8.15.19,M,27.8,C57BL/6 lpin1+/-,no,3,-2.15,30 deg
HWM13,8.15.19,M,27.8,C57BL/6 lpin1+/-,no,3,-2.14,30 deg
HWM13,8.15.19,M,27.8,C57BL/6 lpin1+/-,no,3,-2.11,30 deg
HWM13,8.15.19,M,27.8,C57BL/6 lpin1+/-,no,3,-2.10,30 deg
HWM13,8.15.19,M,27.8,C57BL/6 lpin1+/-,no,3,-2.01,30 deg
HWM13,8.15.19,M,27.8,C57BL/6 lpin1+/-,no,3,-1.89,30 deg
HWM13,8.15.19,M,27.8,C57BL/6 lpin1+/-,no,3,-1.88,30 deg
HWM13,8.15.19,M,27.8,C57BL/6 lpin1+/-,no,3,-1.92,30 deg
HWM13,8.15.19,M,27.8,C57BL/6 lpin1+/-,no,3,-1.95,30 deg
HWM13,8.15.19,M,27.8,C57BL/6 lpin1+/-,no,3,-1.97,30 deg
HWM13,8.15.19,M,27.8,C57BL/6 lpin1+/-,no,3,-2.00,30 deg
HWM13,8.15.19,M,27.8,C57BL/6 lpin1+/-,no,3,-2.05,30 deg
HWM13,8.15.19,M,27.8,C57BL/6 lpin1+/-,no,3,-2.20,30 deg
HWM13,8.15.19,M,27.8,C57BL/6 lpin1+/-,no,3,-2.33,30 deg
HWM13,8.15.19,M,27.8,C57BL/6 lpin1+/-,no,3,-2.39,30 deg
HWM13,8.15.19,M,27.8,C57BL/6 lpin1+/-,no,3,-2.64,30 deg
HWM13,8.15.19,M,27.8,C57BL/6 lpin1+/-,no,3,-7.40,30 deg
HWM13,8.15.19,M,27.8,C57BL/6 lpin1+/-,no,3,-20.20,30 deg
HWM13,8.15.19,M,27.8,C57BL/6 lpin1+/-,no,3,-60.31,30 deg
HWM13,8.15.19,M,27.8,C57BL/6 lpin1+/-,no,3,-91.71,30 deg
HWM13,8.15.19,M,27.8,C57BL/6 lpin1+/-,no,3,-24.20,30 deg
HWM13,8.15.19,M,27.8,C57BL/6 lpin1+/-,no,3,2.11,30 deg
HWM13,8.15.19,M,27.8,C57BL/6 lpin1+/-,no,3,1.99,30 deg
HWM13,8.15.19,M,27.8,C57BL/6 lpin1+/-,no,3,1.68,30 deg
HWM13,8.15.19,M,27.8,C57BL/6 lpin1+/-,no,3,1.22,30 deg
HWM13,8.15.19,M,27.8,C57BL/6 lpin1+/-,no,3,0.84,30 deg
HWM14,8.15.19,M,17.2,FLD,no,1,-0.18,30 deg
HWM14,8.15.19,M,17.2,FLD,no,1,-1.98,30 deg
HWM14,8.15.19,M,17.2,FLD,no,1,-3.68,30 deg
HWM14,8.15.19,M,17.2,FLD,no,1,-3.51,30 deg
HWM14,8.15.19,M,17.2,FLD,no,1,-6.15,30 deg
HWM14,8.15.19,M,17.2,FLD,no,1,-6.50,30 deg
HWM14,8.15.19,M,17.2,FLD,no,1,-7.00,30 deg
HWM14,8.15.19,M,17.2,FLD,no,1,-6.84,30 deg
HWM14,8.15.19,M,17.2,FLD,no,1,-5.95,30 deg
HWM14,8.15.19,M,17.2,FLD,no,1,-5.34,30 deg
HWM14,8.15.19,M,17.2,FLD,no,1,-3.31,30 deg
HWM14,8.15.19,M,17.2,FLD,no,1,-1.21,30 deg
HWM14,8.15.19,M,17.2,FLD,no,1,-1.56,30 deg
HWM14,8.15.19,M,17.2,FLD,no,1,-3.30,30 deg
HWM14,8.15.19,M,17.2,FLD,no,1,-7.89,30 deg
HWM14,8.15.19,M,17.2,FLD,no,1,-10.73,30 deg
HWM14,8.15.19,M,17.2,FLD,no,1,-12.11,30 deg
HWM14,8.15.19,M,17.2,FLD,no,1,-16.16,30 deg
HWM14,8.15.19,M,17.2,FLD,no,1,-24.38,30 deg
HWM14,8.15.19,M,17.2,FLD,no,1,-12.96,30 deg
HWM14,8.15.19,M,17.2,FLD,no,1,-1.70,30 deg
HWM14,8.15.19,M,17.2,FLD,no,1,-0.59,30 deg
HWM14,8.15.19,M,17.2,FLD,no,1,-0.01,30 deg
HWM14,8.15.19,M,17.2,FLD,no,1,0.25,30 deg
HWM14,8.15.19,M,17.2,FLD,no,1,0.15,30 deg
HWM14,8.15.19,M,17.2,FLD,no,1,0.02,30 deg
HWM14,8.15.19,M,17.2,FLD,no,1,0.01,30 deg
HWM14,8.15.19,M,17.2,FLD,no,1,0.05,30 deg
HWM14,8.15.19,M,17.2,FLD,no,1,0.10,30 deg
HWM14,8.15.19,M,17.2,FLD,no,1,0.11,30 deg
HWM14,8.15.19,M,17.2,FLD,no,1,0.08,30 deg
HWM14,8.15.19,M,17.2,FLD,no,1,0.13,30 deg
HWM14,8.15.19,M,17.2,FLD,no,1,0.14,30 deg
HWM14,8.15.19,M,17.2,FLD,no,2,eading: 0.60,30 deg
HWM14,8.15.19,M,17.2,FLD,no,2,0.62,30 deg
HWM14,8.15.19,M,17.2,FLD,no,2,0.58,30 deg
HWM14,8.15.19,M,17.2,FLD,no,2,0.34,30 deg
HWM14,8.15.19,M,17.2,FLD,no,2,0.12,30 deg
HWM14,8.15.19,M,17.2,FLD,no,2,0.02,30 deg
HWM14,8.15.19,M,17.2,FLD,no,2,-0.03,30 deg
HWM14,8.15.19,M,17.2,FLD,no,2,-0.04,30 deg
HWM14,8.15.19,M,17.2,FLD,no,2,-0.20,30 deg
HWM14,8.15.19,M,17.2,FLD,no,2,-1.91,30 deg
HWM14,8.15.19,M,17.2,FLD,no,2,-4.69,30 deg
HWM14,8.15.19,M,17.2,FLD,no,2,-5.84,30 deg
HWM14,8.15.19,M,17.2,FLD,no,2,-4.94,30 deg
HWM14,8.15.19,M,17.2,FLD,no,2,-3.28,30 deg
HWM14,8.15.19,M,17.2,FLD,no,2,-3.69,30 deg
HWM14,8.15.19,M,17.2,FLD,no,2,-5.53,30 deg
HWM14,8.15.19,M,17.2,FLD,no,2,-10.81,30 deg
HWM14,8.15.19,M,17.2,FLD,no,2,-12.76,30 deg
HWM14,8.15.19,M,17.2,FLD,no,2,-3.17,30 deg
HWM14,8.15.19,M,17.2,FLD,no,2,-0.66,30 deg
HWM14,8.15.19,M,17.2,FLD,no,2,-0.30,30 deg
HWM14,8.15.19,M,17.2,FLD,no,2,-0.28,30 deg
HWM14,8.15.19,M,17.2,FLD,no,3,1.80,30 deg
HWM14,8.15.19,M,17.2,FLD,no,3,1.68,30 deg
HWM14,8.15.19,M,17.2,FLD,no,3,1.52,30 deg
HWM14,8.15.19,M,17.2,FLD,no,3,1.28,30 deg
HWM14,8.15.19,M,17.2,FLD,no,3,1.09,30 deg
HWM14,8.15.19,M,17.2,FLD,no,3,0.87,30 deg
HWM14,8.15.19,M,17.2,FLD,no,3,0.66,30 deg
HWM14,8.15.19,M,17.2,FLD,no,3,0.52,30 deg
HWM14,8.15.19,M,17.2,FLD,no,3,0.18,30 deg
HWM14,8.15.19,M,17.2,FLD,no,3,-3.46,30 deg
HWM14,8.15.19,M,17.2,FLD,no,3,-6.62,30 deg
HWM14,8.15.19,M,17.2,FLD,no,3,-9.23,30 deg
HWM14,8.15.19,M,17.2,FLD,no,3,-8.13,30 deg
HWM14,8.15.19,M,17.2,FLD,no,3,-7.70,30 deg
HWM14,8.15.19,M,17.2,FLD,no,3,-10.85,30 deg
HWM14,8.15.19,M,17.2,FLD,no,3,-19.32,30 deg
HWM14,8.15.19,M,17.2,FLD,no,3,-13.72,30 deg
HWM14,8.15.19,M,17.2,FLD,no,3,1.05,30 deg
HWM14,8.15.19,M,17.2,FLD,no,3,2.35,30 deg
HWM14,8.15.19,M,17.2,FLD,no,3,2.61,30 deg
HWM14,8.15.19,M,17.2,FLD,no,3,2.48,30 deg
HWM14,8.15.19,M,17.2,FLD,no,3,2.25,30 deg
HWM15,8.15.19,M,30.5,C57BL/6 lpin1+/-,no,1,-0.52,30 deg
HWM15,8.15.19,M,30.5,C57BL/6 lpin1+/-,no,1,-0.59,30 deg
HWM15,8.15.19,M,30.5,C57BL/6 lpin1+/-,no,1,-0.50,30 deg
HWM15,8.15.19,M,30.5,C57BL/6 lpin1+/-,no,1,-0.37,30 deg
HWM15,8.15.19,M,30.5,C57BL/6 lpin1+/-,no,1,-0.25,30 deg
HWM15,8.15.19,M,30.5,C57BL/6 lpin1+/-,no,1,-0.24,30 deg
HWM15,8.15.19,M,30.5,C57BL/6 lpin1+/-,no,1,-0.31,30 deg
HWM15,8.15.19,M,30.5,C57BL/6 lpin1+/-,no,1,-0.32,30 deg
HWM15,8.15.19,M,30.5,C57BL/6 lpin1+/-,no,1,-0.24,30 deg
HWM15,8.15.19,M,30.5,C57BL/6 lpin1+/-,no,1,-0.20,30 deg
HWM15,8.15.19,M,30.5,C57BL/6 lpin1+/-,no,1,-0.33,30 deg
HWM15,8.15.19,M,30.5,C57BL/6 lpin1+/-,no,1,-0.50,30 deg
HWM15,8.15.19,M,30.5,C57BL/6 lpin1+/-,no,1,-2.19,30 deg
HWM15,8.15.19,M,30.5,C57BL/6 lpin1+/-,no,1,-1.28,30 deg
HWM15,8.15.19,M,30.5,C57BL/6 lpin1+/-,no,1,-3.35,30 deg
HWM15,8.15.19,M,30.5,C57BL/6 lpin1+/-,no,1,-26.15,30 deg
HWM15,8.15.19,M,30.5,C57BL/6 lpin1+/-,no,1,-68.44,30 deg
HWM15,8.15.19,M,30.5,C57BL/6 lpin1+/-,no,1,-85.11,30 deg
HWM15,8.15.19,M,30.5,C57BL/6 lpin1+/-,no,1,-23.65,30 deg
HWM15,8.15.19,M,30.5,C57BL/6 lpin1+/-,no,1,5.51,30 deg
HWM15,8.15.19,M,30.5,C57BL/6 lpin1+/-,no,1,5.11,30 deg
HWM15,8.15.19,M,30.5,C57BL/6 lpin1+/-,no,1,4.28,30 deg
HWM15,8.15.19,M,30.5,C57BL/6 lpin1+/-,no,1,3.66,30 deg
HWM15,8.15.19,M,30.5,C57BL/6 lpin1+/-,no,1,3.31,30 deg
HWM15,8.15.19,M,30.5,C57BL/6 lpin1+/-,no,2,1.24,30 deg
HWM15,8.15.19,M,30.5,C57BL/6 lpin1+/-,no,2,0.88,30 deg
HWM15,8.15.19,M,30.5,C57BL/6 lpin1+/-,no,2,0.58,30 deg
HWM15,8.15.19,M,30.5,C57BL/6 lpin1+/-,no,2,0.39,30 deg
HWM15,8.15.19,M,30.5,C57BL/6 lpin1+/-,no,2,0.26,30 deg
HWM15,8.15.19,M,30.5,C57BL/6 lpin1+/-,no,2,0.06,30 deg
HWM15,8.15.19,M,30.5,C57BL/6 lpin1+/-,no,2,-0.06,30 deg
HWM15,8.15.19,M,30.5,C57BL/6 lpin1+/-,no,2,0.07,30 deg
HWM15,8.15.19,M,30.5,C57BL/6 lpin1+/-,no,2,0.10,30 deg
HWM15,8.15.19,M,30.5,C57BL/6 lpin1+/-,no,2,-0.10,30 deg
HWM15,8.15.19,M,30.5,C57BL/6 lpin1+/-,no,2,-0.28,30 deg
HWM15,8.15.19,M,30.5,C57BL/6 lpin1+/-,no,2,-0.39,30 deg
HWM15,8.15.19,M,30.5,C57BL/6 lpin1+/-,no,2,-0.52,30 deg
HWM15,8.15.19,M,30.5,C57BL/6 lpin1+/-,no,2,-0.61,30 deg
HWM15,8.15.19,M,30.5,C57BL/6 lpin1+/-,no,2,-0.69,30 deg
HWM15,8.15.19,M,30.5,C57BL/6 lpin1+/-,no,2,-1.04,30 deg
HWM15,8.15.19,M,30.5,C57BL/6 lpin1+/-,no,2,-8.85,30 deg
HWM15,8.15.19,M,30.5,C57BL/6 lpin1+/-,no,2,-19.15,30 deg
HWM15,8.15.19,M,30.5,C57BL/6 lpin1+/-,no,2,-40.33,30 deg
HWM15,8.15.19,M,30.5,C57BL/6 lpin1+/-,no,2,-78.10,30 deg
HWM15,8.15.19,M,30.5,C57BL/6 lpin1+/-,no,2,-27.43,30 deg
HWM15,8.15.19,M,30.5,C57BL/6 lpin1+/-,no,2,3.06,30 deg
HWM15,8.15.19,M,30.5,C57BL/6 lpin1+/-,no,2,3.25,30 deg
HWM15,8.15.19,M,30.5,C57BL/6 lpin1+/-,no,2,3.19,30 deg
HWM15,8.15.19,M,30.5,C57BL/6 lpin1+/-,no,2,2.99,30 deg
HWM15,8.15.19,M,30.5,C57BL/6 lpin1+/-,no,2,2.60,30 deg
HWM15,8.15.19,M,30.5,C57BL/6 lpin1+/-,no,2,2.30,30 deg
HWM15,8.15.19,M,30.5,C57BL/6 lpin1+/-,no,2,2.16,30 deg
HWM15,8.15.19,M,30.5,C57BL/6 lpin1+/-,no,3,2.81,30 deg
HWM15,8.15.19,M,30.5,C57BL/6 lpin1+/-,no,3,2.40,30 deg
HWM15,8.15.19,M,30.5,C57BL/6 lpin1+/-,no,3,2.01,30 deg
HWM15,8.15.19,M,30.5,C57BL/6 lpin1+/-,no,3,1.84,30 deg
HWM15,8.15.19,M,30.5,C57BL/6 lpin1+/-,no,3,1.81,30 deg
HWM15,8.15.19,M,30.5,C57BL/6 lpin1+/-,no,3,1.80,30 deg
HWM15,8.15.19,M,30.5,C57BL/6 lpin1+/-,no,3,1.64,30 deg
HWM15,8.15.19,M,30.5,C57BL/6 lpin1+/-,no,3,1.54,30 deg
HWM15,8.15.19,M,30.5,C57BL/6 lpin1+/-,no,3,1.43,30 deg
HWM15,8.15.19,M,30.5,C57BL/6 lpin1+/-,no,3,1.17,30 deg
HWM15,8.15.19,M,30.5,C57BL/6 lpin1+/-,no,3,1.07,30 deg
HWM15,8.15.19,M,30.5,C57BL/6 lpin1+/-,no,3,1.09,30 deg
HWM15,8.15.19,M,30.5,C57BL/6 lpin1+/-,no,3,0.62,30 deg
HWM15,8.15.19,M,30.5,C57BL/6 lpin1+/-,no,3,-6.27,30 deg
HWM15,8.15.19,M,30.5,C57BL/6 lpin1+/-,no,3,-13.78,30 deg
HWM15,8.15.19,M,30.5,C57BL/6 lpin1+/-,no,3,-29.11,30 deg
HWM15,8.15.19,M,30.5,C57BL/6 lpin1+/-,no,3,-80.16,30 deg
HWM15,8.15.19,M,30.5,C57BL/6 lpin1+/-,no,3,-48.13,30 deg
HWM15,8.15.19,M,30.5,C57BL/6 lpin1+/-,no,3,1.68,30 deg
HWM15,8.15.19,M,30.5,C57BL/6 lpin1+/-,no,3,4.29,30 deg
HWM15,8.15.19,M,30.5,C57BL/6 lpin1+/-,no,3,4.09,30 deg
HWM15,8.15.19,M,30.5,C57BL/6 lpin1+/-,no,3,3.63,30 deg
HWM15,8.15.19,M,30.5,C57BL/6 lpin1+/-,no,3,3.21,30 deg
HWM15,8.15.19,M,30.5,C57BL/6 lpin1+/-,no,3,2.91,30 deg